{
  "url": "https://www.emcasa.com/",
  "requestedUrl": "https://www.emcasa.com/",
  "timestamp": 1648592122496,
  "ranks": {
    "hundos": 1,
    "performance": 1,
    "accessibility": 1,
    "cumulative": 1
  },
  "lighthouse": {
    "version": "9.5.0",
    "performance": 0.48,
    "accessibility": 0.98,
    "bestPractices": 0.92,
    "seo": 1,
    "total": 340
  },
  "firstContentfulPaint": 4224.454999999999,
  "firstMeaningfulPaint": 4224.454999999999,
  "speedIndex": 4224.454999999999,
  "largestContentfulPaint": 4525.210999999999,
  "totalBlockingTime": 918.9999999999995,
  "cumulativeLayoutShift": 0.002178615993923611,
  "timeToInteractive": 7381.746999999998,
  "maxPotentialFirstInputDelay": 698.9999999999991,
  "timeToFirstByte": 23.373000000000005,
  "weight": {
    "summary": "50 requests • 1,008 KiB",
    "total": 1032189,
    "image": 126479,
    "imageCount": 16,
    "script": 630754,
    "scriptCount": 22,
    "document": 144655,
    "font": 34152,
    "fontCount": 1,
    "stylesheet": 13548,
    "stylesheetCount": 3,
    "thirdParty": 155377,
    "thirdPartyCount": 21
  },
  "run": {
    "number": 2,
    "total": 3
  },
  "axe": {
    "passes": 1038,
    "violations": 3
  }
}