{
  "url": "https://www.emcasa.com/",
  "requestedUrl": "https://www.emcasa.com/",
  "timestamp": 1648591466210,
  "ranks": {
    "hundos": 1,
    "performance": 1,
    "accessibility": 1,
    "cumulative": 1
  },
  "lighthouse": {
    "version": "9.5.0",
    "performance": 0.66,
    "accessibility": 0.98,
    "bestPractices": 0.92,
    "seo": 1,
    "total": 358
  },
  "firstContentfulPaint": 2294.7259999999997,
  "firstMeaningfulPaint": 2294.7259999999997,
  "speedIndex": 3735.0296102823704,
  "largestContentfulPaint": 2588.56,
  "totalBlockingTime": 784.4999999999973,
  "cumulativeLayoutShift": 0.002178615993923611,
  "timeToInteractive": 10884.017,
  "maxPotentialFirstInputDelay": 652.9999999999991,
  "timeToFirstByte": 26.093000000000004,
  "weight": {
    "summary": "87 requests • 1,402 KiB",
    "total": 1435604,
    "image": 127514,
    "imageCount": 23,
    "script": 1026689,
    "scriptCount": 41,
    "document": 147092,
    "font": 34151,
    "fontCount": 1,
    "stylesheet": 13554,
    "stylesheetCount": 3,
    "thirdParty": 558927,
    "thirdPartyCount": 58
  },
  "run": {
    "number": 2,
    "total": 3
  },
  "axe": {
    "passes": 1516,
    "violations": 5
  }
}