{
  "url": "https://www.emcasa.com/",
  "requestedUrl": "https://www.emcasa.com/",
  "timestamp": 1648591530990,
  "ranks": {
    "hundos": 1,
    "performance": 1,
    "accessibility": 1,
    "cumulative": 1
  },
  "lighthouse": {
    "version": "9.5.0",
    "performance": 0.43,
    "accessibility": 0.98,
    "bestPractices": 0.92,
    "seo": 1,
    "total": 335
  },
  "firstContentfulPaint": 5540.578999999999,
  "firstMeaningfulPaint": 5540.578999999999,
  "speedIndex": 5540.578999999999,
  "largestContentfulPaint": 5720.723,
  "totalBlockingTime": 685.5000000000009,
  "cumulativeLayoutShift": 0.002178615993923611,
  "timeToInteractive": 7017.367,
  "maxPotentialFirstInputDelay": 526,
  "timeToFirstByte": 29.35300000000001,
  "weight": {
    "summary": "36 requests • 909 KiB",
    "total": 930766,
    "image": 126501,
    "imageCount": 16,
    "script": 529323,
    "scriptCount": 10,
    "document": 144648,
    "font": 34152,
    "fontCount": 1,
    "stylesheet": 13541,
    "stylesheetCount": 3,
    "thirdParty": 53972,
    "thirdPartyCount": 8
  },
  "run": {
    "number": 2,
    "total": 3
  },
  "axe": {
    "passes": 1038,
    "violations": 3
  }
}