{
  "url": "https://www.emcasa.com/",
  "requestedUrl": "https://www.emcasa.com/",
  "timestamp": 1648591349884,
  "ranks": {
    "hundos": 1,
    "performance": 1,
    "accessibility": 1,
    "cumulative": 1
  },
  "lighthouse": {
    "version": "9.5.0",
    "performance": 0.41,
    "accessibility": 1,
    "bestPractices": 0.92,
    "seo": 1,
    "total": 333
  },
  "firstContentfulPaint": 5316.068,
  "firstMeaningfulPaint": 5316.068,
  "speedIndex": 5316.068,
  "largestContentfulPaint": 5617.606000000001,
  "totalBlockingTime": 804.0000000000005,
  "cumulativeLayoutShift": 0.002178615993923611,
  "timeToInteractive": 7367.296,
  "maxPotentialFirstInputDelay": 712,
  "timeToFirstByte": 20.373999999999995,
  "weight": {
    "summary": "54 requests • 1,043 KiB",
    "total": 1067867,
    "image": 126516,
    "imageCount": 16,
    "script": 666386,
    "scriptCount": 24,
    "document": 144647,
    "font": 34152,
    "fontCount": 1,
    "stylesheet": 13542,
    "stylesheetCount": 3,
    "thirdParty": 191193,
    "thirdPartyCount": 25
  },
  "run": {
    "number": 3,
    "total": 3
  },
  "axe": {
    "passes": 1516,
    "violations": 5
  }
}