{
  "url": "https://www.emcasa.com/",
  "requestedUrl": "https://www.emcasa.com/",
  "timestamp": 1648591417625,
  "ranks": {
    "hundos": 1,
    "performance": 1,
    "accessibility": 1,
    "cumulative": 1
  },
  "lighthouse": {
    "version": "9.5.0",
    "performance": 0.43,
    "accessibility": 1,
    "bestPractices": 0.92,
    "seo": 1,
    "total": 335
  },
  "firstContentfulPaint": 5533.491,
  "firstMeaningfulPaint": 5533.491,
  "speedIndex": 5533.491,
  "largestContentfulPaint": 5888.691000000001,
  "totalBlockingTime": 662.5,
  "cumulativeLayoutShift": 0.002178615993923611,
  "timeToInteractive": 7416.941000000001,
  "maxPotentialFirstInputDelay": 535,
  "timeToFirstByte": 28.357,
  "weight": {
    "summary": "58 requests • 1,148 KiB",
    "total": 1175072,
    "image": 126507,
    "imageCount": 16,
    "script": 772995,
    "scriptCount": 27,
    "document": 145252,
    "font": 34152,
    "fontCount": 1,
    "stylesheet": 13543,
    "stylesheetCount": 3,
    "thirdParty": 298172,
    "thirdPartyCount": 30
  },
  "run": {
    "number": 3,
    "total": 3
  },
  "axe": {
    "passes": 1000,
    "violations": 3
  }
}