{
  "url": "https://www.emcasa.com/",
  "requestedUrl": "https://www.emcasa.com/",
  "timestamp": 1648592255803,
  "ranks": {
    "hundos": 1,
    "performance": 1,
    "accessibility": 1,
    "cumulative": 1
  },
  "lighthouse": {
    "version": "9.5.0",
    "performance": 0.43,
    "accessibility": 1,
    "bestPractices": 0.92,
    "seo": 1,
    "total": 335
  },
  "firstContentfulPaint": 4973.918000000001,
  "firstMeaningfulPaint": 5049.0995,
  "speedIndex": 4973.918000000001,
  "largestContentfulPaint": 5049.0995,
  "totalBlockingTime": 934.6369999999997,
  "cumulativeLayoutShift": 0.002178615993923611,
  "timeToInteractive": 6863.822000000001,
  "maxPotentialFirstInputDelay": 533,
  "timeToFirstByte": 20.376999999999995,
  "weight": {
    "summary": "37 requests • 909 KiB",
    "total": 930689,
    "image": 126502,
    "imageCount": 16,
    "script": 529216,
    "scriptCount": 10,
    "document": 144667,
    "font": 34152,
    "fontCount": 1,
    "stylesheet": 13542,
    "stylesheetCount": 3,
    "thirdParty": 53974,
    "thirdPartyCount": 8
  },
  "run": {
    "number": 2,
    "total": 3
  },
  "axe": {
    "passes": 1000,
    "violations": 3
  }
}