{
  "url": "https://www.emcasa.com/",
  "requestedUrl": "https://www.emcasa.com/",
  "timestamp": 1648591754271,
  "ranks": {
    "hundos": 1,
    "performance": 1,
    "accessibility": 1,
    "cumulative": 1
  },
  "lighthouse": {
    "version": "9.5.0",
    "performance": 0.43,
    "accessibility": 0.98,
    "bestPractices": 0.92,
    "seo": 0.99,
    "total": 332
  },
  "firstContentfulPaint": 5218.128000000001,
  "firstMeaningfulPaint": 5218.128000000001,
  "speedIndex": 5218.128000000001,
  "largestContentfulPaint": 5518.278,
  "totalBlockingTime": 811.5,
  "cumulativeLayoutShift": 0.002178615993923611,
  "timeToInteractive": 6378.078,
  "maxPotentialFirstInputDelay": 702,
  "timeToFirstByte": 28.772999999999996,
  "weight": {
    "summary": "35 requests • 909 KiB",
    "total": 930600,
    "image": 126479,
    "imageCount": 16,
    "script": 529172,
    "scriptCount": 8,
    "document": 144647,
    "font": 34152,
    "fontCount": 1,
    "stylesheet": 13539,
    "stylesheetCount": 3,
    "thirdParty": 53974,
    "thirdPartyCount": 6
  },
  "run": {
    "number": 3,
    "total": 3
  },
  "axe": {
    "passes": 1000,
    "violations": 3
  }
}