{
  "url": "https://www.emcasa.com/",
  "requestedUrl": "https://www.emcasa.com/",
  "timestamp": 1648599510322,
  "ranks": {
    "hundos": 1,
    "performance": 1,
    "accessibility": 1,
    "cumulative": 1
  },
  "lighthouse": {
    "version": "9.5.0",
    "performance": 0.66,
    "accessibility": 0.98,
    "bestPractices": 0.92,
    "seo": 1,
    "total": 358
  },
  "firstContentfulPaint": 2733.511,
  "firstMeaningfulPaint": 2733.511,
  "speedIndex": 3221.140549477286,
  "largestContentfulPaint": 3035.535,
  "totalBlockingTime": 788.4999999999995,
  "cumulativeLayoutShift": 0.002178615993923611,
  "timeToInteractive": 6994.275,
  "maxPotentialFirstInputDelay": 682.9999999999991,
  "timeToFirstByte": 19.09400000000001,
  "weight": {
    "summary": "37 requests • 909 KiB",
    "total": 930641,
    "image": 126484,
    "imageCount": 16,
    "script": 529211,
    "scriptCount": 10,
    "document": 144647,
    "font": 34150,
    "fontCount": 1,
    "stylesheet": 13549,
    "stylesheetCount": 3,
    "thirdParty": 53972,
    "thirdPartyCount": 8
  },
  "run": {
    "number": 3,
    "total": 3
  },
  "axe": {
    "passes": 1000,
    "violations": 3
  }
}