{
  "url": "https://www.emcasa.com/",
  "requestedUrl": "https://www.emcasa.com/",
  "timestamp": 1648591595473,
  "ranks": {
    "hundos": 1,
    "performance": 1,
    "accessibility": 1,
    "cumulative": 1
  },
  "lighthouse": {
    "version": "9.5.0",
    "performance": 0.43,
    "accessibility": 1,
    "bestPractices": 0.92,
    "seo": 1,
    "total": 335
  },
  "firstContentfulPaint": 4676.18,
  "firstMeaningfulPaint": 4676.18,
  "speedIndex": 4676.18,
  "largestContentfulPaint": 4976.564,
  "totalBlockingTime": 1004,
  "cumulativeLayoutShift": 0.002178615993923611,
  "timeToInteractive": 7128.484,
  "maxPotentialFirstInputDelay": 536,
  "timeToFirstByte": 28.24499999999999,
  "weight": {
    "summary": "37 requests • 1,008 KiB",
    "total": 1032179,
    "image": 126504,
    "imageCount": 16,
    "script": 630730,
    "scriptCount": 10,
    "document": 144649,
    "font": 34152,
    "fontCount": 1,
    "stylesheet": 13542,
    "stylesheetCount": 3,
    "thirdParty": 155372,
    "thirdPartyCount": 8
  },
  "run": {
    "number": 1,
    "total": 3
  },
  "axe": {
    "passes": 1038,
    "violations": 3
  }
}