{
  "url": "https://www.emcasa.com/",
  "requestedUrl": "https://www.emcasa.com/",
  "timestamp": 1648591222997,
  "ranks": {
    "hundos": 1,
    "performance": 1,
    "accessibility": 1,
    "cumulative": 1
  },
  "lighthouse": {
    "version": "9.5.0",
    "performance": 0.37,
    "accessibility": 0.98,
    "bestPractices": 0.92,
    "seo": 1,
    "total": 329
  },
  "firstContentfulPaint": 4999.564,
  "firstMeaningfulPaint": 5267.677,
  "speedIndex": 4999.564,
  "largestContentfulPaint": 5739.629000000001,
  "totalBlockingTime": 1229.500000000001,
  "cumulativeLayoutShift": 0.002178615993923611,
  "timeToInteractive": 7633.420000000001,
  "maxPotentialFirstInputDelay": 616,
  "timeToFirstByte": 21.433999999999997,
  "weight": {
    "summary": "71 requests • 1,320 KiB",
    "total": 1352138,
    "image": 126674,
    "imageCount": 23,
    "script": 948169,
    "scriptCount": 30,
    "document": 146541,
    "font": 34152,
    "fontCount": 1,
    "stylesheet": 13540,
    "stylesheetCount": 3,
    "thirdParty": 475492,
    "thirdPartyCount": 43
  },
  "run": {
    "number": 3,
    "total": 3
  },
  "axe": {
    "passes": 1000,
    "violations": 3
  }
}