{
  "url": "https://www.emcasa.com/",
  "requestedUrl": "https://www.emcasa.com/",
  "timestamp": 1648592058942,
  "ranks": {
    "hundos": 1,
    "performance": 1,
    "accessibility": 1,
    "cumulative": 1
  },
  "lighthouse": {
    "version": "9.5.0",
    "performance": 0.68,
    "accessibility": 0.98,
    "bestPractices": 0.92,
    "seo": 1,
    "total": 360
  },
  "firstContentfulPaint": 2712.7210000000005,
  "firstMeaningfulPaint": 2712.7210000000005,
  "speedIndex": 2879.8423810610866,
  "largestContentfulPaint": 3012.7210000000005,
  "totalBlockingTime": 758.5,
  "cumulativeLayoutShift": 0.002178615993923611,
  "timeToInteractive": 6488.2210000000005,
  "maxPotentialFirstInputDelay": 666,
  "timeToFirstByte": 38.35199999999999,
  "weight": {
    "summary": "35 requests • 938 KiB",
    "total": 960771,
    "image": 126498,
    "imageCount": 16,
    "script": 559320,
    "scriptCount": 8,
    "document": 144649,
    "font": 34151,
    "fontCount": 1,
    "stylesheet": 13551,
    "stylesheetCount": 3,
    "thirdParty": 84106,
    "thirdPartyCount": 6
  },
  "run": {
    "number": 2,
    "total": 3
  },
  "axe": {
    "passes": 1000,
    "violations": 3
  }
}