{
  "url": "https://www.emcasa.com/",
  "requestedUrl": "https://www.emcasa.com/",
  "timestamp": 1648591158486,
  "ranks": {
    "hundos": 1,
    "performance": 1,
    "accessibility": 1,
    "cumulative": 1
  },
  "lighthouse": {
    "version": "9.5.0",
    "performance": 0.73,
    "accessibility": 1,
    "bestPractices": 0.92,
    "seo": 1,
    "total": 365
  },
  "firstContentfulPaint": 2613.865,
  "firstMeaningfulPaint": 2613.865,
  "speedIndex": 2879.8542209984066,
  "largestContentfulPaint": 2914.221,
  "totalBlockingTime": 561.6440000000002,
  "cumulativeLayoutShift": 0.002178615993923611,
  "timeToInteractive": 6537.424999999999,
  "maxPotentialFirstInputDelay": 672,
  "timeToFirstByte": 17.625000000000014,
  "weight": {
    "summary": "35 requests • 909 KiB",
    "total": 930668,
    "image": 126501,
    "imageCount": 16,
    "script": 529208,
    "scriptCount": 8,
    "document": 144648,
    "font": 34152,
    "fontCount": 1,
    "stylesheet": 13558,
    "stylesheetCount": 3,
    "thirdParty": 53974,
    "thirdPartyCount": 6
  },
  "run": {
    "number": 3,
    "total": 3
  },
  "axe": {
    "passes": 1038,
    "violations": 3
  }
}