{
  "url": "https://www.emcasa.com/",
  "requestedUrl": "https://www.emcasa.com/",
  "timestamp": 1648591692029,
  "ranks": {
    "hundos": 1,
    "performance": 1,
    "accessibility": 1,
    "cumulative": 1
  },
  "lighthouse": {
    "version": "9.5.0",
    "performance": 0.65,
    "accessibility": 1,
    "bestPractices": 0.92,
    "seo": 1,
    "total": 357
  },
  "firstContentfulPaint": 2383.27,
  "firstMeaningfulPaint": 2383.27,
  "speedIndex": 4529.654054688655,
  "largestContentfulPaint": 2676.7560000000003,
  "totalBlockingTime": 732.9649999999974,
  "cumulativeLayoutShift": 0.002178615993923611,
  "timeToInteractive": 11542.412999999997,
  "maxPotentialFirstInputDelay": 665.9999999999982,
  "timeToFirstByte": 23.058000000000007,
  "weight": {
    "summary": "106 requests • 1,433 KiB",
    "total": 1467443,
    "image": 128581,
    "imageCount": 27,
    "script": 1055750,
    "scriptCount": 49,
    "document": 147085,
    "font": 34151,
    "fontCount": 1,
    "stylesheet": 13549,
    "stylesheetCount": 3,
    "thirdParty": 590712,
    "thirdPartyCount": 77
  },
  "run": {
    "number": 3,
    "total": 3
  },
  "axe": {
    "passes": 1000,
    "violations": 3
  }
}