{
  "url": "https://www.emcasa.com/",
  "requestedUrl": "https://www.emcasa.com/",
  "timestamp": 1648592203835,
  "ranks": {
    "hundos": 1,
    "performance": 1,
    "accessibility": 1,
    "cumulative": 1
  },
  "lighthouse": {
    "version": "9.5.0",
    "performance": 0.43,
    "accessibility": 0.98,
    "bestPractices": 0.92,
    "seo": 1,
    "total": 335
  },
  "firstContentfulPaint": 5247.159,
  "firstMeaningfulPaint": 5247.159,
  "speedIndex": 5247.159,
  "largestContentfulPaint": 5547.369,
  "totalBlockingTime": 796,
  "cumulativeLayoutShift": 0.002178615993923611,
  "timeToInteractive": 6414.789,
  "maxPotentialFirstInputDelay": 701,
  "timeToFirstByte": 63.985,
  "weight": {
    "summary": "35 requests • 909 KiB",
    "total": 930620,
    "image": 126502,
    "imageCount": 16,
    "script": 529177,
    "scriptCount": 8,
    "document": 144647,
    "font": 34151,
    "fontCount": 1,
    "stylesheet": 13542,
    "stylesheetCount": 3,
    "thirdParty": 53971,
    "thirdPartyCount": 6
  },
  "run": {
    "number": 3,
    "total": 3
  },
  "axe": {
    "passes": 1038,
    "violations": 3
  }
}