{
  "url": "https://www.emcasa.com/",
  "requestedUrl": "https://www.emcasa.com/",
  "timestamp": 1648591275294,
  "ranks": {
    "hundos": 1,
    "performance": 1,
    "accessibility": 1,
    "cumulative": 1
  },
  "lighthouse": {
    "version": "9.5.0",
    "performance": 0.35,
    "accessibility": 1,
    "bestPractices": 0.92,
    "seo": 1,
    "total": 327
  },
  "firstContentfulPaint": 5032.02,
  "firstMeaningfulPaint": 5259.0255,
  "speedIndex": 5032.02,
  "largestContentfulPaint": 5637.3679999999995,
  "totalBlockingTime": 1466.999999999999,
  "cumulativeLayoutShift": 0.002178615993923611,
  "timeToInteractive": 7570.063999999999,
  "maxPotentialFirstInputDelay": 722,
  "timeToFirstByte": 44.891999999999996,
  "weight": {
    "summary": "49 requests • 1,008 KiB",
    "total": 1032086,
    "image": 126503,
    "imageCount": 16,
    "script": 630642,
    "scriptCount": 22,
    "document": 144647,
    "font": 34152,
    "fontCount": 1,
    "stylesheet": 13541,
    "stylesheetCount": 3,
    "thirdParty": 155402,
    "thirdPartyCount": 21
  },
  "run": {
    "number": 2,
    "total": 3
  },
  "axe": {
    "passes": 1000,
    "violations": 3
  }
}