{
  "url": "https://www.emcasa.com/",
  "requestedUrl": "https://www.emcasa.com/",
  "timestamp": 1651731310221,
  "ranks": {
    "hundos": 1,
    "performance": 1,
    "accessibility": 1,
    "cumulative": 1
  },
  "lighthouse": {
    "version": "9.5.0",
    "performance": 0.36,
    "accessibility": 0.98,
    "bestPractices": 0.83,
    "seo": 0.99,
    "total": 316
  },
  "firstContentfulPaint": 5446.434,
  "firstMeaningfulPaint": 5446.434,
  "speedIndex": 5446.434,
  "largestContentfulPaint": 5844.7350000000015,
  "totalBlockingTime": 1052.6165,
  "cumulativeLayoutShift": 0.002178615993923611,
  "timeToInteractive": 8344.0895,
  "maxPotentialFirstInputDelay": 828,
  "timeToFirstByte": 48.744,
  "weight": {
    "summary": "81 requests • 1,411 KiB",
    "total": 1445208,
    "image": 128495,
    "imageCount": 24,
    "script": 1028260,
    "scriptCount": 35,
    "document": 151999,
    "font": 34151,
    "fontCount": 1,
    "stylesheet": 14524,
    "stylesheetCount": 3,
    "thirdParty": 553804,
    "thirdPartyCount": 50
  },
  "run": {
    "number": 2,
    "total": 3
  },
  "axe": {
    "passes": 1680,
    "violations": 5
  }
}