{
  "url": "https://www.emcasa.com/",
  "requestedUrl": "https://www.emcasa.com/",
  "timestamp": 1649225585213,
  "ranks": {
    "hundos": 1,
    "performance": 1,
    "accessibility": 1,
    "cumulative": 1
  },
  "lighthouse": {
    "version": "9.5.0",
    "performance": 0.62,
    "accessibility": 1,
    "bestPractices": 0.92,
    "seo": 1,
    "total": 354
  },
  "firstContentfulPaint": 2707.4900000000002,
  "firstMeaningfulPaint": 2707.4900000000002,
  "speedIndex": 3169.8198034579013,
  "largestContentfulPaint": 2857.4900000000002,
  "totalBlockingTime": 1084,
  "cumulativeLayoutShift": 0.002178615993923611,
  "timeToInteractive": 7883.49,
  "maxPotentialFirstInputDelay": 820,
  "timeToFirstByte": 44.267,
  "weight": {
    "summary": "38 requests • 912 KiB",
    "total": 933662,
    "image": 126491,
    "imageCount": 16,
    "script": 529076,
    "scriptCount": 10,
    "document": 146350,
    "font": 34152,
    "fontCount": 1,
    "stylesheet": 13578,
    "stylesheetCount": 3,
    "thirdParty": 53974,
    "thirdPartyCount": 8
  },
  "run": {
    "number": 3,
    "total": 3
  },
  "axe": {
    "passes": 1262,
    "violations": 5
  }
}