{
  "url": "https://www.emcasa.com/",
  "requestedUrl": "https://www.emcasa.com/",
  "timestamp": 1650070123340,
  "ranks": {
    "hundos": 1,
    "performance": 1,
    "accessibility": 1,
    "cumulative": 1
  },
  "lighthouse": {
    "version": "9.5.0",
    "performance": 0.46,
    "accessibility": 1,
    "bestPractices": 0.92,
    "seo": 1,
    "total": 338
  },
  "firstContentfulPaint": 2745.67,
  "firstMeaningfulPaint": 2745.67,
  "speedIndex": 3823.3888399562566,
  "largestContentfulPaint": 6515.325500000001,
  "totalBlockingTime": 915.5000000000005,
  "cumulativeLayoutShift": 0.002178615993923611,
  "timeToInteractive": 7393.494000000001,
  "maxPotentialFirstInputDelay": 775,
  "timeToFirstByte": 68.10000000000002,
  "weight": {
    "summary": "38 requests • 918 KiB",
    "total": 939616,
    "image": 127263,
    "imageCount": 17,
    "script": 529877,
    "scriptCount": 10,
    "document": 148972,
    "font": 34151,
    "fontCount": 1,
    "stylesheet": 14026,
    "stylesheetCount": 3,
    "thirdParty": 54734,
    "thirdPartyCount": 9
  },
  "run": {
    "number": 3,
    "total": 3
  },
  "axe": {
    "passes": 1295,
    "violations": 5
  }
}