{
  "url": "https://www.emcasa.com/",
  "requestedUrl": "https://www.emcasa.com/",
  "timestamp": 1654863689063,
  "ranks": {
    "hundos": 1,
    "performance": 1,
    "accessibility": 1,
    "cumulative": 1
  },
  "lighthouse": {
    "version": "9.6.2",
    "performance": 0.35,
    "accessibility": 1,
    "bestPractices": 0.83,
    "seo": 1,
    "total": 318
  },
  "firstContentfulPaint": 5732.385,
  "firstMeaningfulPaint": 5732.385,
  "speedIndex": 6192.429744202776,
  "largestContentfulPaint": 8801.385,
  "totalBlockingTime": 758,
  "cumulativeLayoutShift": 0.01975552707248264,
  "timeToInteractive": 9506.385,
  "maxPotentialFirstInputDelay": 1018,
  "timeToFirstByte": 66.327,
  "weight": {
    "summary": "41 requests • 1,284 KiB",
    "total": 1314599,
    "image": 492271,
    "imageCount": 20,
    "script": 534586,
    "scriptCount": 9,
    "document": 151000,
    "font": 34152,
    "fontCount": 1,
    "stylesheet": 14788,
    "stylesheetCount": 3,
    "thirdParty": 55064,
    "thirdPartyCount": 9
  },
  "run": {
    "number": 2,
    "total": 3
  },
  "axe": {
    "passes": 776,
    "violations": 3
  }
}