{
  "url": "https://www.emcasa.com/",
  "requestedUrl": "https://www.emcasa.com/",
  "timestamp": 1653999749793,
  "ranks": {
    "hundos": 1,
    "performance": 1,
    "accessibility": 1,
    "cumulative": 1
  },
  "lighthouse": {
    "version": "9.6.1",
    "performance": 0.37,
    "accessibility": 0.98,
    "bestPractices": 0.83,
    "seo": 0.99,
    "total": 317
  },
  "firstContentfulPaint": 5365.26,
  "firstMeaningfulPaint": 5365.26,
  "speedIndex": 5365.26,
  "largestContentfulPaint": 5772.26,
  "totalBlockingTime": 1093.5,
  "cumulativeLayoutShift": 0.002178615993923611,
  "timeToInteractive": 7710.76,
  "maxPotentialFirstInputDelay": 805,
  "timeToFirstByte": 17.759999999999998,
  "weight": {
    "summary": "52 requests • 1,010 KiB",
    "total": 1034745,
    "image": 128309,
    "imageCount": 18,
    "script": 618758,
    "scriptCount": 22,
    "document": 151511,
    "font": 34152,
    "fontCount": 1,
    "stylesheet": 14651,
    "stylesheetCount": 3,
    "thirdParty": 138879,
    "thirdPartyCount": 22
  },
  "run": {
    "number": 3,
    "total": 3
  },
  "axe": {
    "passes": 1220,
    "violations": 3
  }
}