{
  "url": "https://www.emcasa.com/",
  "requestedUrl": "https://www.emcasa.com/",
  "timestamp": 1648606159379,
  "ranks": {
    "hundos": 1,
    "performance": 1,
    "accessibility": 1,
    "cumulative": 1
  },
  "lighthouse": {
    "version": "9.5.0",
    "performance": 0.52,
    "accessibility": 1,
    "bestPractices": 0.92,
    "seo": 1,
    "total": 344
  },
  "firstContentfulPaint": 2959.926,
  "firstMeaningfulPaint": 2959.926,
  "speedIndex": 4112.27208996984,
  "largestContentfulPaint": 3304.8270000000007,
  "totalBlockingTime": 1761.0164999999997,
  "cumulativeLayoutShift": 0.002178615993923611,
  "timeToInteractive": 8881.0845,
  "maxPotentialFirstInputDelay": 1238,
  "timeToFirstByte": 51.577000000000005,
  "weight": {
    "summary": "38 requests • 909 KiB",
    "total": 930896,
    "image": 126489,
    "imageCount": 16,
    "script": 529174,
    "scriptCount": 10,
    "document": 144644,
    "font": 34152,
    "fontCount": 1,
    "stylesheet": 13546,
    "stylesheetCount": 3,
    "thirdParty": 53972,
    "thirdPartyCount": 8
  },
  "run": {
    "number": 2,
    "total": 3
  },
  "axe": {
    "passes": 1017,
    "violations": 3
  }
}