{
  "url": "https://www.emcasa.com/",
  "requestedUrl": "https://www.emcasa.com/",
  "timestamp": 1656699227387,
  "ranks": {
    "hundos": 1,
    "performance": 1,
    "accessibility": 1,
    "cumulative": 1
  },
  "lighthouse": {
    "version": "9.6.3",
    "performance": 0.39,
    "accessibility": 1,
    "bestPractices": 0.83,
    "seo": 1,
    "total": 322
  },
  "firstContentfulPaint": 5580.999000000001,
  "firstMeaningfulPaint": 5580.999000000001,
  "speedIndex": 5699.930520516706,
  "largestContentfulPaint": 8137.156,
  "totalBlockingTime": 618.5,
  "cumulativeLayoutShift": 0.01975552707248264,
  "timeToInteractive": 8547.1595,
  "maxPotentialFirstInputDelay": 867,
  "timeToFirstByte": 49.80900000000001,
  "weight": {
    "summary": "40 requests • 1,287 KiB",
    "total": 1317795,
    "image": 491876,
    "imageCount": 20,
    "script": 536636,
    "scriptCount": 9,
    "document": 152218,
    "font": 34152,
    "fontCount": 1,
    "stylesheet": 14884,
    "stylesheetCount": 3,
    "thirdParty": 55069,
    "thirdPartyCount": 9
  },
  "run": {
    "number": 1,
    "total": 3
  },
  "axe": {
    "passes": 664,
    "violations": 3
  }
}