{
  "url": "https://www.emcasa.com/",
  "requestedUrl": "https://www.emcasa.com/",
  "timestamp": 1649074862223,
  "ranks": {
    "hundos": 1,
    "performance": 1,
    "accessibility": 1,
    "cumulative": 1
  },
  "lighthouse": {
    "version": "9.5.0",
    "performance": 0.33,
    "accessibility": 1,
    "bestPractices": 0.92,
    "seo": 1,
    "total": 325
  },
  "firstContentfulPaint": 5171.371,
  "firstMeaningfulPaint": 5171.371,
  "speedIndex": 5171.371,
  "largestContentfulPaint": 6704.871,
  "totalBlockingTime": 1280,
  "cumulativeLayoutShift": 0.002178615993923611,
  "timeToInteractive": 7825.371,
  "maxPotentialFirstInputDelay": 627,
  "timeToFirstByte": 76.66999999999999,
  "weight": {
    "summary": "38 requests • 909 KiB",
    "total": 930624,
    "image": 126490,
    "imageCount": 16,
    "script": 529072,
    "scriptCount": 10,
    "document": 144473,
    "font": 34152,
    "fontCount": 1,
    "stylesheet": 13542,
    "stylesheetCount": 3,
    "thirdParty": 53971,
    "thirdPartyCount": 8
  },
  "run": {
    "number": 1,
    "total": 3
  },
  "axe": {
    "passes": 1038,
    "violations": 3
  }
}