{
  "url": "https://www.emcasa.com/",
  "requestedUrl": "https://www.emcasa.com/",
  "timestamp": 1654045409358,
  "ranks": {
    "hundos": 1,
    "performance": 1,
    "accessibility": 1,
    "cumulative": 1
  },
  "lighthouse": {
    "version": "9.6.1",
    "performance": 0.4,
    "accessibility": 0.98,
    "bestPractices": 0.83,
    "seo": 1,
    "total": 323
  },
  "firstContentfulPaint": 2887.833,
  "firstMeaningfulPaint": 2887.833,
  "speedIndex": 3754.976573126861,
  "largestContentfulPaint": 7094.833,
  "totalBlockingTime": 1202.999999999999,
  "cumulativeLayoutShift": 0.002178615993923611,
  "timeToInteractive": 8396.832999999999,
  "maxPotentialFirstInputDelay": 907,
  "timeToFirstByte": 59.330000000000005,
  "weight": {
    "summary": "39 requests • 929 KiB",
    "total": 951621,
    "image": 128355,
    "imageCount": 18,
    "script": 535316,
    "scriptCount": 9,
    "document": 151449,
    "font": 34152,
    "fontCount": 1,
    "stylesheet": 14690,
    "stylesheetCount": 3,
    "thirdParty": 55059,
    "thirdPartyCount": 9
  },
  "run": {
    "number": 2,
    "total": 3
  },
  "axe": {
    "passes": 1715,
    "violations": 5
  }
}