{
  "url": "https://www.emcasa.com/",
  "requestedUrl": "https://www.emcasa.com/",
  "timestamp": 1654236871382,
  "ranks": {
    "hundos": 1,
    "performance": 1,
    "accessibility": 1,
    "cumulative": 1
  },
  "lighthouse": {
    "version": "9.6.1",
    "performance": 0.29,
    "accessibility": 0.98,
    "bestPractices": 0.83,
    "seo": 0.99,
    "total": 309
  },
  "firstContentfulPaint": 6055.8139999999985,
  "firstMeaningfulPaint": 6055.8139999999985,
  "speedIndex": 6951.094363233109,
  "largestContentfulPaint": 7866.034,
  "totalBlockingTime": 1271.499999999999,
  "cumulativeLayoutShift": 0.002178615993923611,
  "timeToInteractive": 8810.622,
  "maxPotentialFirstInputDelay": 573,
  "timeToFirstByte": 173.39800000000002,
  "weight": {
    "summary": "39 requests • 929 KiB",
    "total": 951003,
    "image": 128327,
    "imageCount": 18,
    "script": 535147,
    "scriptCount": 9,
    "document": 151205,
    "font": 34151,
    "fontCount": 1,
    "stylesheet": 14627,
    "stylesheetCount": 3,
    "thirdParty": 55066,
    "thirdPartyCount": 9
  },
  "run": {
    "number": 2,
    "total": 3
  },
  "axe": {
    "passes": 1141,
    "violations": 3
  }
}