{
  "url": "https://www.emcasa.com/",
  "requestedUrl": "https://www.emcasa.com/",
  "timestamp": 1650761315154,
  "ranks": {
    "hundos": 1,
    "performance": 1,
    "accessibility": 1,
    "cumulative": 1
  },
  "lighthouse": {
    "version": "9.5.0",
    "performance": 0.42,
    "accessibility": 1,
    "bestPractices": 0.83,
    "seo": 1,
    "total": 325
  },
  "firstContentfulPaint": 4258.724,
  "firstMeaningfulPaint": 4258.724,
  "speedIndex": 4394.899013290026,
  "largestContentfulPaint": 4722.257,
  "totalBlockingTime": 1320.500000000001,
  "cumulativeLayoutShift": 0.002178615993923611,
  "timeToInteractive": 7442.0895,
  "maxPotentialFirstInputDelay": 1026.000000000001,
  "timeToFirstByte": 77.799,
  "weight": {
    "summary": "36 requests • 918 KiB",
    "total": 940098,
    "image": 127261,
    "imageCount": 17,
    "script": 530059,
    "scriptCount": 8,
    "document": 149268,
    "font": 34152,
    "fontCount": 1,
    "stylesheet": 14025,
    "stylesheetCount": 3,
    "thirdParty": 54739,
    "thirdPartyCount": 7
  },
  "run": {
    "number": 2,
    "total": 3
  },
  "axe": {
    "passes": 1018,
    "violations": 3
  }
}