{
  "url": "https://www.emcasa.com/",
  "requestedUrl": "https://www.emcasa.com/",
  "timestamp": 1655619209188,
  "ranks": {
    "hundos": 1,
    "performance": 1,
    "accessibility": 1,
    "cumulative": 1
  },
  "lighthouse": {
    "version": "9.6.2",
    "performance": 0.33,
    "accessibility": 1,
    "bestPractices": 0.83,
    "seo": 1,
    "total": 316
  },
  "firstContentfulPaint": 6214.014,
  "firstMeaningfulPaint": 6214.014,
  "speedIndex": 6214.014,
  "largestContentfulPaint": 8893.87,
  "totalBlockingTime": 960.2640000000001,
  "cumulativeLayoutShift": 0.01975552707248264,
  "timeToInteractive": 7880.526000000001,
  "maxPotentialFirstInputDelay": 632,
  "timeToFirstByte": 19.647,
  "weight": {
    "summary": "40 requests • 1,361 KiB",
    "total": 1393767,
    "image": 492120,
    "imageCount": 20,
    "script": 613713,
    "scriptCount": 9,
    "document": 151439,
    "font": 34152,
    "fontCount": 1,
    "stylesheet": 14837,
    "stylesheetCount": 3,
    "thirdParty": 133886,
    "thirdPartyCount": 9
  },
  "run": {
    "number": 2,
    "total": 3
  },
  "axe": {
    "passes": 664,
    "violations": 3
  }
}