{
  "url": "https://www.emcasa.com/",
  "requestedUrl": "https://www.emcasa.com/",
  "timestamp": 1655382112221,
  "ranks": {
    "hundos": 1,
    "performance": 1,
    "accessibility": 1,
    "cumulative": 1
  },
  "lighthouse": {
    "version": "9.6.2",
    "performance": 0.33,
    "accessibility": 1,
    "bestPractices": 0.83,
    "seo": 1,
    "total": 316
  },
  "firstContentfulPaint": 5256.585,
  "firstMeaningfulPaint": 5256.585,
  "speedIndex": 5256.585,
  "largestContentfulPaint": 8159.585,
  "totalBlockingTime": 1232,
  "cumulativeLayoutShift": 0.01975552707248264,
  "timeToInteractive": 7801.585,
  "maxPotentialFirstInputDelay": 652,
  "timeToFirstByte": 40.904,
  "weight": {
    "summary": "40 requests • 1,283 KiB",
    "total": 1313880,
    "image": 491774,
    "imageCount": 20,
    "script": 534531,
    "scriptCount": 9,
    "document": 151071,
    "font": 34154,
    "fontCount": 1,
    "stylesheet": 14844,
    "stylesheetCount": 3,
    "thirdParty": 55065,
    "thirdPartyCount": 9
  },
  "run": {
    "number": 3,
    "total": 3
  },
  "axe": {
    "passes": 664,
    "violations": 3
  }
}