{
  "url": "https://www.emcasa.com/",
  "requestedUrl": "https://www.emcasa.com/",
  "timestamp": 1655748772588,
  "ranks": {
    "hundos": 1,
    "performance": 1,
    "accessibility": 1,
    "cumulative": 1
  },
  "lighthouse": {
    "version": "9.6.2",
    "performance": 0.26,
    "accessibility": 1,
    "bestPractices": 0.83,
    "seo": 1,
    "total": 309
  },
  "firstContentfulPaint": 6593.095,
  "firstMeaningfulPaint": 6593.095,
  "speedIndex": 7689.228085069071,
  "largestContentfulPaint": 9744.1,
  "totalBlockingTime": 1257.7954999999974,
  "cumulativeLayoutShift": 0.01975552707248264,
  "timeToInteractive": 10240.146499999999,
  "maxPotentialFirstInputDelay": 1545.9999999999982,
  "timeToFirstByte": 453.67,
  "weight": {
    "summary": "40 requests • 1,380 KiB",
    "total": 1412979,
    "image": 491941,
    "imageCount": 20,
    "script": 633097,
    "scriptCount": 9,
    "document": 151447,
    "font": 34153,
    "fontCount": 1,
    "stylesheet": 14836,
    "stylesheetCount": 3,
    "thirdParty": 153513,
    "thirdPartyCount": 9
  },
  "run": {
    "number": 1,
    "total": 3
  },
  "axe": {
    "passes": 664,
    "violations": 3
  }
}