{
  "url": "https://www.emcasa.com/",
  "requestedUrl": "https://www.emcasa.com/",
  "timestamp": 1656678093161,
  "ranks": {
    "hundos": 1,
    "performance": 1,
    "accessibility": 1,
    "cumulative": 1
  },
  "lighthouse": {
    "version": "9.6.3",
    "performance": 0.34,
    "accessibility": 1,
    "bestPractices": 0.83,
    "seo": 1,
    "total": 317
  },
  "firstContentfulPaint": 5507.143,
  "firstMeaningfulPaint": 5507.143,
  "speedIndex": 5507.143,
  "largestContentfulPaint": 8033.938999999999,
  "totalBlockingTime": 1038.6410000000005,
  "cumulativeLayoutShift": 0.01975552707248264,
  "timeToInteractive": 7614.682,
  "maxPotentialFirstInputDelay": 735,
  "timeToFirstByte": 19.107,
  "weight": {
    "summary": "40 requests • 1,287 KiB",
    "total": 1317685,
    "image": 491835,
    "imageCount": 20,
    "script": 536579,
    "scriptCount": 9,
    "document": 152207,
    "font": 34152,
    "fontCount": 1,
    "stylesheet": 14882,
    "stylesheetCount": 3,
    "thirdParty": 55070,
    "thirdPartyCount": 9
  },
  "run": {
    "number": 2,
    "total": 3
  },
  "axe": {
    "passes": 664,
    "violations": 3
  }
}