{
  "url": "https://www.emcasa.com/",
  "requestedUrl": "https://www.emcasa.com/",
  "timestamp": 1655773048161,
  "ranks": {
    "hundos": 1,
    "performance": 1,
    "accessibility": 1,
    "cumulative": 1
  },
  "lighthouse": {
    "version": "9.6.2",
    "performance": 0.27,
    "accessibility": 1,
    "bestPractices": 0.83,
    "seo": 1,
    "total": 310
  },
  "firstContentfulPaint": 5425.041,
  "firstMeaningfulPaint": 5613.764499999999,
  "speedIndex": 5425.041,
  "largestContentfulPaint": 8344.193000000001,
  "totalBlockingTime": 1677.499999999999,
  "cumulativeLayoutShift": 0.02963304646809896,
  "timeToInteractive": 10866.219999999998,
  "maxPotentialFirstInputDelay": 838.9999999999995,
  "timeToFirstByte": 60.027,
  "weight": {
    "summary": "69 requests • 1,645 KiB",
    "total": 1684535,
    "image": 492823,
    "imageCount": 26,
    "script": 901133,
    "scriptCount": 25,
    "document": 151997,
    "font": 34152,
    "fontCount": 1,
    "stylesheet": 14839,
    "stylesheetCount": 3,
    "thirdParty": 425299,
    "thirdPartyCount": 39
  },
  "run": {
    "number": 2,
    "total": 3
  },
  "axe": {
    "passes": 1021,
    "violations": 5
  }
}