{
  "url": "https://www.emcasa.com/",
  "requestedUrl": "https://www.emcasa.com/",
  "timestamp": 1655859720700,
  "ranks": {
    "hundos": 1,
    "performance": 1,
    "accessibility": 1,
    "cumulative": 1
  },
  "lighthouse": {
    "version": "9.6.2",
    "performance": 0.32,
    "accessibility": 1,
    "bestPractices": 0.83,
    "seo": 1,
    "total": 315
  },
  "firstContentfulPaint": 4698.416000000001,
  "firstMeaningfulPaint": 4698.416000000001,
  "speedIndex": 7985.769668093873,
  "largestContentfulPaint": 8719.739000000001,
  "totalBlockingTime": 849.4049999999997,
  "cumulativeLayoutShift": 0.01975552707248264,
  "timeToInteractive": 9091.720000000001,
  "maxPotentialFirstInputDelay": 1174,
  "timeToFirstByte": 1412.422,
  "weight": {
    "summary": "40 requests • 1,284 KiB",
    "total": 1315325,
    "image": 491832,
    "imageCount": 20,
    "script": 534660,
    "scriptCount": 9,
    "document": 151981,
    "font": 34152,
    "fontCount": 1,
    "stylesheet": 14835,
    "stylesheetCount": 3,
    "thirdParty": 55071,
    "thirdPartyCount": 9
  },
  "run": {
    "number": 1,
    "total": 3
  },
  "axe": {
    "passes": 1021,
    "violations": 5
  }
}