{
  "url": "https://www.emcasa.com/",
  "requestedUrl": "https://www.emcasa.com/",
  "timestamp": 1655575996096,
  "ranks": {
    "hundos": 1,
    "performance": 1,
    "accessibility": 1,
    "cumulative": 1
  },
  "lighthouse": {
    "version": "9.6.2",
    "performance": 0.29,
    "accessibility": 1,
    "bestPractices": 0.83,
    "seo": 1,
    "total": 312
  },
  "firstContentfulPaint": 5433.68,
  "firstMeaningfulPaint": 5433.68,
  "speedIndex": 5433.68,
  "largestContentfulPaint": 8279.703,
  "totalBlockingTime": 1629.8459999999995,
  "cumulativeLayoutShift": 0.01975552707248264,
  "timeToInteractive": 8567.682,
  "maxPotentialFirstInputDelay": 769.9999999999991,
  "timeToFirstByte": 65.25999999999999,
  "weight": {
    "summary": "49 requests • 1,379 KiB",
    "total": 1412580,
    "image": 491811,
    "imageCount": 20,
    "script": 632889,
    "scriptCount": 17,
    "document": 151384,
    "font": 34153,
    "fontCount": 1,
    "stylesheet": 14835,
    "stylesheetCount": 3,
    "thirdParty": 153435,
    "thirdPartyCount": 18
  },
  "run": {
    "number": 2,
    "total": 3
  },
  "axe": {
    "passes": 664,
    "violations": 3
  }
}