{
  "url": "https://www.emcasa.com/",
  "requestedUrl": "https://www.emcasa.com/",
  "timestamp": 1655403187713,
  "ranks": {
    "hundos": 1,
    "performance": 1,
    "accessibility": 1,
    "cumulative": 1
  },
  "lighthouse": {
    "version": "9.6.2",
    "performance": 0.34,
    "accessibility": 0.97,
    "bestPractices": 0.83,
    "seo": 1,
    "total": 317
  },
  "firstContentfulPaint": 5654.263,
  "firstMeaningfulPaint": 5654.263,
  "speedIndex": 5654.263,
  "largestContentfulPaint": 7694.197999999999,
  "totalBlockingTime": 1007.0000000000005,
  "cumulativeLayoutShift": 0.01975552707248264,
  "timeToInteractive": 7937.008,
  "maxPotentialFirstInputDelay": 814,
  "timeToFirstByte": 50.877999999999986,
  "weight": {
    "summary": "49 requests • 1,379 KiB",
    "total": 1412526,
    "image": 491913,
    "imageCount": 20,
    "script": 633026,
    "scriptCount": 17,
    "document": 151092,
    "font": 34152,
    "fontCount": 1,
    "stylesheet": 14836,
    "stylesheetCount": 3,
    "thirdParty": 153454,
    "thirdPartyCount": 18
  },
  "run": {
    "number": 1,
    "total": 3
  },
  "axe": {
    "passes": 1021,
    "violations": 5
  }
}