{
  "url": "https://www.emcasa.com/",
  "requestedUrl": "https://www.emcasa.com/",
  "timestamp": 1652638460401,
  "ranks": {
    "hundos": 1,
    "performance": 1,
    "accessibility": 1,
    "cumulative": 1
  },
  "lighthouse": {
    "version": "9.6.1",
    "performance": 0.33,
    "accessibility": 0.98,
    "bestPractices": 0.83,
    "seo": 1,
    "total": 316
  },
  "firstContentfulPaint": 5251.007999999999,
  "firstMeaningfulPaint": 5251.007999999999,
  "speedIndex": 5283.970539675784,
  "largestContentfulPaint": 5408.211999999999,
  "totalBlockingTime": 1820.796000000002,
  "cumulativeLayoutShift": 0.002178615993923611,
  "timeToInteractive": 8239.252,
  "maxPotentialFirstInputDelay": 975,
  "timeToFirstByte": 54.088,
  "weight": {
    "summary": "53 requests • 1,046 KiB",
    "total": 1071598,
    "image": 128331,
    "imageCount": 18,
    "script": 656035,
    "scriptCount": 22,
    "document": 151677,
    "font": 34152,
    "fontCount": 1,
    "stylesheet": 14519,
    "stylesheetCount": 3,
    "thirdParty": 178016,
    "thirdPartyCount": 23
  },
  "run": {
    "number": 3,
    "total": 3
  },
  "axe": {
    "passes": 1418,
    "violations": 5
  }
}