{
  "url": "https://www.emcasa.com/",
  "requestedUrl": "https://www.emcasa.com/",
  "timestamp": 1655316808364,
  "ranks": {
    "hundos": 1,
    "performance": 1,
    "accessibility": 1,
    "cumulative": 1
  },
  "lighthouse": {
    "version": "9.6.2",
    "performance": 0.37,
    "accessibility": 1,
    "bestPractices": 0.83,
    "seo": 1,
    "total": 320
  },
  "firstContentfulPaint": 3055.2129999999997,
  "firstMeaningfulPaint": 3055.2129999999997,
  "speedIndex": 6573.665559018287,
  "largestContentfulPaint": 9173.451000000001,
  "totalBlockingTime": 851.184000000002,
  "cumulativeLayoutShift": 0.01975552707248264,
  "timeToInteractive": 9928.951000000001,
  "maxPotentialFirstInputDelay": 1136.0000000000018,
  "timeToFirstByte": 65.935,
  "weight": {
    "summary": "41 requests • 1,284 KiB",
    "total": 1314667,
    "image": 491849,
    "imageCount": 20,
    "script": 534627,
    "scriptCount": 9,
    "document": 151399,
    "font": 34152,
    "fontCount": 1,
    "stylesheet": 14840,
    "stylesheetCount": 3,
    "thirdParty": 55101,
    "thirdPartyCount": 9
  },
  "run": {
    "number": 3,
    "total": 3
  },
  "axe": {
    "passes": 776,
    "violations": 3
  }
}