{
  "url": "https://www.emcasa.com/",
  "requestedUrl": "https://www.emcasa.com/",
  "timestamp": 1650132762080,
  "ranks": {
    "hundos": 1,
    "performance": 1,
    "accessibility": 1,
    "cumulative": 1
  },
  "lighthouse": {
    "version": "9.5.0",
    "performance": 0.33,
    "accessibility": 0.98,
    "bestPractices": 0.92,
    "seo": 0.99,
    "total": 322
  },
  "firstContentfulPaint": 5604.379999999999,
  "firstMeaningfulPaint": 5604.379999999999,
  "speedIndex": 5604.379999999999,
  "largestContentfulPaint": 6076.275999999999,
  "totalBlockingTime": 1311.7760000000003,
  "cumulativeLayoutShift": 0.002178615993923611,
  "timeToInteractive": 8097.516,
  "maxPotentialFirstInputDelay": 1079.000000000001,
  "timeToFirstByte": 35.45299999999999,
  "weight": {
    "summary": "42 requests • 999 KiB",
    "total": 1022616,
    "image": 127266,
    "imageCount": 17,
    "script": 612422,
    "scriptCount": 13,
    "document": 149424,
    "font": 34152,
    "fontCount": 1,
    "stylesheet": 14026,
    "stylesheetCount": 3,
    "thirdParty": 137185,
    "thirdPartyCount": 13
  },
  "run": {
    "number": 1,
    "total": 3
  },
  "axe": {
    "passes": 1295,
    "violations": 5
  }
}