{
  "url": "https://www.emcasa.com/",
  "requestedUrl": "https://www.emcasa.com/",
  "timestamp": 1651472101131,
  "ranks": {
    "hundos": 1,
    "performance": 1,
    "accessibility": 1,
    "cumulative": 1
  },
  "lighthouse": {
    "version": "9.5.0",
    "performance": 0.58,
    "accessibility": 1,
    "bestPractices": 0.83,
    "seo": 1,
    "total": 341
  },
  "firstContentfulPaint": 2813.3329999999996,
  "firstMeaningfulPaint": 2813.3329999999996,
  "speedIndex": 3138.1735802358285,
  "largestContentfulPaint": 2939.9530000000004,
  "totalBlockingTime": 1418.94,
  "cumulativeLayoutShift": 0.002178615993923611,
  "timeToInteractive": 7938.032999999999,
  "maxPotentialFirstInputDelay": 1078,
  "timeToFirstByte": 21.602999999999998,
  "weight": {
    "summary": "38 requests • 938 KiB",
    "total": 960819,
    "image": 127257,
    "imageCount": 17,
    "script": 549662,
    "scriptCount": 10,
    "document": 149931,
    "font": 34152,
    "fontCount": 1,
    "stylesheet": 14025,
    "stylesheetCount": 3,
    "thirdParty": 74294,
    "thirdPartyCount": 9
  },
  "run": {
    "number": 3,
    "total": 3
  },
  "axe": {
    "passes": 1295,
    "violations": 5
  }
}