{
  "url": "https://www.emcasa.com/",
  "requestedUrl": "https://www.emcasa.com/",
  "timestamp": 1650219189699,
  "ranks": {
    "hundos": 1,
    "performance": 1,
    "accessibility": 1,
    "cumulative": 1
  },
  "lighthouse": {
    "version": "9.5.0",
    "performance": 0.48,
    "accessibility": 1,
    "bestPractices": 0.92,
    "seo": 1,
    "total": 340
  },
  "firstContentfulPaint": 2285.0890000000004,
  "firstMeaningfulPaint": 2285.0890000000004,
  "speedIndex": 2952.8926770145217,
  "largestContentfulPaint": 6305.365000000002,
  "totalBlockingTime": 919.4999999999982,
  "cumulativeLayoutShift": 0.002178615993923611,
  "timeToInteractive": 7713.697999999999,
  "maxPotentialFirstInputDelay": 836.9999999999982,
  "timeToFirstByte": 35.526999999999994,
  "weight": {
    "summary": "52 requests • 1,018 KiB",
    "total": 1041985,
    "image": 127266,
    "imageCount": 17,
    "script": 631890,
    "scriptCount": 22,
    "document": 149325,
    "font": 34152,
    "fontCount": 1,
    "stylesheet": 14025,
    "stylesheetCount": 3,
    "thirdParty": 156766,
    "thirdPartyCount": 23
  },
  "run": {
    "number": 3,
    "total": 3
  },
  "axe": {
    "passes": 1018,
    "violations": 3
  }
}