{
  "url": "https://www.emcasa.com/",
  "requestedUrl": "https://www.emcasa.com/",
  "timestamp": 1652163263020,
  "ranks": {
    "hundos": 1,
    "performance": 1,
    "accessibility": 1,
    "cumulative": 1
  },
  "lighthouse": {
    "version": "9.5.0",
    "performance": 0.34,
    "accessibility": 0.98,
    "bestPractices": 0.83,
    "seo": 0.99,
    "total": 314
  },
  "firstContentfulPaint": 5443.174999999999,
  "firstMeaningfulPaint": 5443.174999999999,
  "speedIndex": 5443.174999999999,
  "largestContentfulPaint": 6541.171,
  "totalBlockingTime": 1136.764000000001,
  "cumulativeLayoutShift": 0.002178615993923611,
  "timeToInteractive": 7855.075000000001,
  "maxPotentialFirstInputDelay": 857,
  "timeToFirstByte": 28.338,
  "weight": {
    "summary": "38 requests • 1,025 KiB",
    "total": 1049869,
    "image": 127265,
    "imageCount": 17,
    "script": 635511,
    "scriptCount": 10,
    "document": 151499,
    "font": 34152,
    "fontCount": 1,
    "stylesheet": 14524,
    "stylesheetCount": 3,
    "thirdParty": 157266,
    "thirdPartyCount": 9
  },
  "run": {
    "number": 2,
    "total": 3
  },
  "axe": {
    "passes": 1667,
    "violations": 5
  }
}