{
  "url": "https://www.emcasa.com/",
  "requestedUrl": "https://www.emcasa.com/",
  "timestamp": 1649161022093,
  "ranks": {
    "hundos": 1,
    "performance": 1,
    "accessibility": 1,
    "cumulative": 1
  },
  "lighthouse": {
    "version": "9.5.0",
    "performance": 0.32,
    "accessibility": 0.98,
    "bestPractices": 0.92,
    "seo": 1,
    "total": 324
  },
  "firstContentfulPaint": 5202.201,
  "firstMeaningfulPaint": 5202.201,
  "speedIndex": 5202.201,
  "largestContentfulPaint": 7186.9985,
  "totalBlockingTime": 1417,
  "cumulativeLayoutShift": 0.002178615993923611,
  "timeToInteractive": 7965.675999999999,
  "maxPotentialFirstInputDelay": 706,
  "timeToFirstByte": 56.08900000000001,
  "weight": {
    "summary": "52 requests • 1,011 KiB",
    "total": 1035135,
    "image": 126530,
    "imageCount": 16,
    "script": 630670,
    "scriptCount": 22,
    "document": 146187,
    "font": 34152,
    "fontCount": 1,
    "stylesheet": 13569,
    "stylesheetCount": 3,
    "thirdParty": 155571,
    "thirdPartyCount": 22
  },
  "run": {
    "number": 1,
    "total": 3
  },
  "axe": {
    "passes": 1516,
    "violations": 5
  }
}