{
  "url": "https://www.emcasa.com/",
  "requestedUrl": "https://www.emcasa.com/",
  "timestamp": 1652703835463,
  "ranks": {
    "hundos": 1,
    "performance": 1,
    "accessibility": 1,
    "cumulative": 1
  },
  "lighthouse": {
    "version": "9.6.1",
    "performance": 0.36,
    "accessibility": 1,
    "bestPractices": 0.83,
    "seo": 1,
    "total": 319
  },
  "firstContentfulPaint": 4426.169000000001,
  "firstMeaningfulPaint": 4426.169000000001,
  "speedIndex": 4426.169000000001,
  "largestContentfulPaint": 6858.473,
  "totalBlockingTime": 1269,
  "cumulativeLayoutShift": 0.002178615993923611,
  "timeToInteractive": 7600.901000000001,
  "maxPotentialFirstInputDelay": 906,
  "timeToFirstByte": 44.31999999999999,
  "weight": {
    "summary": "39 requests • 926 KiB",
    "total": 948326,
    "image": 128324,
    "imageCount": 18,
    "script": 532846,
    "scriptCount": 10,
    "document": 151590,
    "font": 34152,
    "fontCount": 1,
    "stylesheet": 14531,
    "stylesheetCount": 3,
    "thirdParty": 54739,
    "thirdPartyCount": 9
  },
  "run": {
    "number": 2,
    "total": 3
  },
  "axe": {
    "passes": 1680,
    "violations": 5
  }
}