{
  "url": "https://www.emcasa.com/",
  "requestedUrl": "https://www.emcasa.com/",
  "timestamp": 1656267153814,
  "ranks": {
    "hundos": 1,
    "performance": 1,
    "accessibility": 1,
    "cumulative": 1
  },
  "lighthouse": {
    "version": "9.6.2",
    "performance": 0.33,
    "accessibility": 1,
    "bestPractices": 0.83,
    "seo": 1,
    "total": 316
  },
  "firstContentfulPaint": 5110.144000000001,
  "firstMeaningfulPaint": 5110.144000000001,
  "speedIndex": 5110.144000000001,
  "largestContentfulPaint": 8219.054000000002,
  "totalBlockingTime": 1317.145,
  "cumulativeLayoutShift": 0.01975552707248264,
  "timeToInteractive": 7230.679000000002,
  "maxPotentialFirstInputDelay": 790,
  "timeToFirstByte": 47.379000000000005,
  "weight": {
    "summary": "40 requests • 1,286 KiB",
    "total": 1316961,
    "image": 491796,
    "imageCount": 20,
    "script": 536751,
    "scriptCount": 9,
    "document": 151527,
    "font": 34152,
    "fontCount": 1,
    "stylesheet": 14875,
    "stylesheetCount": 3,
    "thirdParty": 55098,
    "thirdPartyCount": 9
  },
  "run": {
    "number": 3,
    "total": 3
  },
  "axe": {
    "passes": 664,
    "violations": 3
  }
}