{
  "url": "https://www.emcasa.com/",
  "requestedUrl": "https://www.emcasa.com/",
  "timestamp": 1652876480757,
  "ranks": {
    "hundos": 1,
    "performance": 1,
    "accessibility": 1,
    "cumulative": 1
  },
  "lighthouse": {
    "version": "9.6.1",
    "performance": 0.57,
    "accessibility": 0.98,
    "bestPractices": 0.83,
    "seo": 1,
    "total": 340
  },
  "firstContentfulPaint": 2782.5379999999996,
  "firstMeaningfulPaint": 2782.5379999999996,
  "speedIndex": 4486.322970894244,
  "largestContentfulPaint": 2982.8845,
  "totalBlockingTime": 1265.8844999999997,
  "cumulativeLayoutShift": 0.002178615993923611,
  "timeToInteractive": 7928.1975,
  "maxPotentialFirstInputDelay": 937,
  "timeToFirstByte": 578.3770000000001,
  "weight": {
    "summary": "43 requests • 1,008 KiB",
    "total": 1032081,
    "image": 128306,
    "imageCount": 18,
    "script": 616741,
    "scriptCount": 13,
    "document": 151468,
    "font": 34152,
    "fontCount": 1,
    "stylesheet": 14530,
    "stylesheetCount": 3,
    "thirdParty": 138372,
    "thirdPartyCount": 13
  },
  "run": {
    "number": 1,
    "total": 3
  },
  "axe": {
    "passes": 1141,
    "violations": 3
  }
}