{
  "url": "https://www.emcasa.com/",
  "requestedUrl": "https://www.emcasa.com/",
  "timestamp": 1651688028342,
  "ranks": {
    "hundos": 1,
    "performance": 1,
    "accessibility": 1,
    "cumulative": 1
  },
  "lighthouse": {
    "version": "9.5.0",
    "performance": 0.61,
    "accessibility": 0.98,
    "bestPractices": 0.83,
    "seo": 1,
    "total": 344
  },
  "firstContentfulPaint": 2340.683,
  "firstMeaningfulPaint": 2340.683,
  "speedIndex": 3873.3870906662605,
  "largestContentfulPaint": 2739.6100000000006,
  "totalBlockingTime": 1295.4604999999992,
  "cumulativeLayoutShift": 0.002178615993923611,
  "timeToInteractive": 8439.289499999999,
  "maxPotentialFirstInputDelay": 877.0000000000009,
  "timeToFirstByte": 42.053999999999995,
  "weight": {
    "summary": "55 requests • 1,043 KiB",
    "total": 1068102,
    "image": 127261,
    "imageCount": 17,
    "script": 655954,
    "scriptCount": 22,
    "document": 150050,
    "font": 34152,
    "fontCount": 1,
    "stylesheet": 14514,
    "stylesheetCount": 3,
    "thirdParty": 177698,
    "thirdPartyCount": 25
  },
  "run": {
    "number": 2,
    "total": 3
  },
  "axe": {
    "passes": 1182,
    "violations": 3
  }
}