{
  "url": "https://www.emcasa.com/",
  "requestedUrl": "https://www.emcasa.com/",
  "timestamp": 1656310570413,
  "ranks": {
    "hundos": 1,
    "performance": 1,
    "accessibility": 1,
    "cumulative": 1
  },
  "lighthouse": {
    "version": "9.6.2",
    "performance": 0.31,
    "accessibility": 1,
    "bestPractices": 0.83,
    "seo": 1,
    "total": 314
  },
  "firstContentfulPaint": 4739.044,
  "firstMeaningfulPaint": 4739.044,
  "speedIndex": 6467.011982612502,
  "largestContentfulPaint": 8108.397999999999,
  "totalBlockingTime": 1212.0895,
  "cumulativeLayoutShift": 0.019642842610677082,
  "timeToInteractive": 8393.256,
  "maxPotentialFirstInputDelay": 1006,
  "timeToFirstByte": 985.931,
  "weight": {
    "summary": "39 requests • 1,306 KiB",
    "total": 1337260,
    "image": 491850,
    "imageCount": 20,
    "script": 556621,
    "scriptCount": 9,
    "document": 151887,
    "font": 34151,
    "fontCount": 1,
    "stylesheet": 14883,
    "stylesheetCount": 3,
    "thirdParty": 75078,
    "thirdPartyCount": 9
  },
  "run": {
    "number": 2,
    "total": 3
  },
  "axe": {
    "passes": 1021,
    "violations": 5
  }
}