{
  "url": "https://www.emcasa.com/",
  "requestedUrl": "https://www.emcasa.com/",
  "timestamp": 1654390753870,
  "ranks": {
    "hundos": 1,
    "performance": 1,
    "accessibility": 1,
    "cumulative": 1
  },
  "lighthouse": {
    "version": "9.6.1",
    "performance": 0.41,
    "accessibility": 1,
    "bestPractices": 0.83,
    "seo": 1,
    "total": 324
  },
  "firstContentfulPaint": 4125.389,
  "firstMeaningfulPaint": 4125.389,
  "speedIndex": 5558.340282625878,
  "largestContentfulPaint": 4125.389,
  "totalBlockingTime": 1745.6825000000008,
  "cumulativeLayoutShift": 0.002178615993923611,
  "timeToInteractive": 8846.501499999998,
  "maxPotentialFirstInputDelay": 755.0000000000009,
  "timeToFirstByte": 118.179,
  "weight": {
    "summary": "39 requests • 929 KiB",
    "total": 951750,
    "image": 128320,
    "imageCount": 18,
    "script": 535144,
    "scriptCount": 9,
    "document": 151757,
    "font": 34152,
    "fontCount": 1,
    "stylesheet": 14613,
    "stylesheetCount": 3,
    "thirdParty": 55102,
    "thirdPartyCount": 9
  },
  "run": {
    "number": 3,
    "total": 3
  },
  "axe": {
    "passes": 1141,
    "violations": 3
  }
}