{
  "url": "https://www.emcasa.com/",
  "requestedUrl": "https://www.emcasa.com/",
  "timestamp": 1653329673123,
  "ranks": {
    "hundos": 1,
    "performance": 1,
    "accessibility": 1,
    "cumulative": 1
  },
  "lighthouse": {
    "version": "9.6.1",
    "performance": 0.38,
    "accessibility": 0.98,
    "bestPractices": 0.83,
    "seo": 1,
    "total": 321
  },
  "firstContentfulPaint": 4699.079,
  "firstMeaningfulPaint": 4699.079,
  "speedIndex": 4699.079,
  "largestContentfulPaint": 5011.399,
  "totalBlockingTime": 1557.4999999999995,
  "cumulativeLayoutShift": 0.002178615993923611,
  "timeToInteractive": 7926.178999999998,
  "maxPotentialFirstInputDelay": 1026,
  "timeToFirstByte": 45.983000000000004,
  "weight": {
    "summary": "39 requests • 928 KiB",
    "total": 950279,
    "image": 128312,
    "imageCount": 18,
    "script": 534376,
    "scriptCount": 10,
    "document": 151865,
    "font": 34152,
    "fontCount": 1,
    "stylesheet": 14653,
    "stylesheetCount": 3,
    "thirdParty": 54734,
    "thirdPartyCount": 9
  },
  "run": {
    "number": 3,
    "total": 3
  },
  "axe": {
    "passes": 1141,
    "violations": 3
  }
}