{
  "url": "https://www.emcasa.com/",
  "requestedUrl": "https://www.emcasa.com/",
  "timestamp": 1654755294522,
  "ranks": {
    "hundos": 1,
    "performance": 1,
    "accessibility": 1,
    "cumulative": 1
  },
  "lighthouse": {
    "version": "9.6.2",
    "performance": 0.28,
    "accessibility": 1,
    "bestPractices": 0.83,
    "seo": 1,
    "total": 311
  },
  "firstContentfulPaint": 6264.197999999999,
  "firstMeaningfulPaint": 6264.197999999999,
  "speedIndex": 6463.7605976270515,
  "largestContentfulPaint": 6809.669,
  "totalBlockingTime": 1514.500000000001,
  "cumulativeLayoutShift": 0.002178615993923611,
  "timeToInteractive": 9288.993999999999,
  "maxPotentialFirstInputDelay": 1143,
  "timeToFirstByte": 43.124,
  "weight": {
    "summary": "62 requests • 1,241 KiB",
    "total": 1270667,
    "image": 128516,
    "imageCount": 22,
    "script": 852657,
    "scriptCount": 24,
    "document": 152155,
    "font": 34152,
    "fontCount": 1,
    "stylesheet": 14624,
    "stylesheetCount": 3,
    "thirdParty": 373495,
    "thirdPartyCount": 32
  },
  "run": {
    "number": 3,
    "total": 3
  },
  "axe": {
    "passes": 1418,
    "violations": 5
  }
}