{
  "url": "https://www.emcasa.com/",
  "requestedUrl": "https://www.emcasa.com/",
  "timestamp": 1650543550548,
  "ranks": {
    "hundos": 1,
    "performance": 1,
    "accessibility": 1,
    "cumulative": 1
  },
  "lighthouse": {
    "version": "9.5.0",
    "performance": 0.34,
    "accessibility": 0.98,
    "bestPractices": 0.83,
    "seo": 1,
    "total": 317
  },
  "firstContentfulPaint": 5632.224,
  "firstMeaningfulPaint": 5632.224,
  "speedIndex": 5632.224,
  "largestContentfulPaint": 6083.9039999999995,
  "totalBlockingTime": 1213.5,
  "cumulativeLayoutShift": 0.002178615993923611,
  "timeToInteractive": 7878.4439999999995,
  "maxPotentialFirstInputDelay": 924,
  "timeToFirstByte": 28.575000000000003,
  "weight": {
    "summary": "52 requests • 1,018 KiB",
    "total": 1042480,
    "image": 127231,
    "imageCount": 17,
    "script": 632369,
    "scriptCount": 22,
    "document": 149362,
    "font": 34152,
    "fontCount": 1,
    "stylesheet": 14034,
    "stylesheetCount": 3,
    "thirdParty": 156926,
    "thirdPartyCount": 23
  },
  "run": {
    "number": 2,
    "total": 3
  },
  "axe": {
    "passes": 1066,
    "violations": 3
  }
}