{
  "url": "https://www.emcasa.com/",
  "requestedUrl": "https://www.emcasa.com/",
  "timestamp": 1649571198133,
  "ranks": {
    "hundos": 1,
    "performance": 1,
    "accessibility": 1,
    "cumulative": 1
  },
  "lighthouse": {
    "version": "9.5.0",
    "performance": 0.35,
    "accessibility": 1,
    "bestPractices": 0.92,
    "seo": 1,
    "total": 327
  },
  "firstContentfulPaint": 5576.614999999999,
  "firstMeaningfulPaint": 5576.614999999999,
  "speedIndex": 5729.562562274852,
  "largestContentfulPaint": 5887.388999999999,
  "totalBlockingTime": 1091.3064999999997,
  "cumulativeLayoutShift": 0.002178615993923611,
  "timeToInteractive": 8133.339499999999,
  "maxPotentialFirstInputDelay": 898,
  "timeToFirstByte": 54.083000000000006,
  "weight": {
    "summary": "39 requests • 914 KiB",
    "total": 936201,
    "image": 127268,
    "imageCount": 17,
    "script": 530005,
    "scriptCount": 10,
    "document": 146752,
    "font": 34151,
    "fontCount": 1,
    "stylesheet": 14007,
    "stylesheetCount": 3,
    "thirdParty": 54738,
    "thirdPartyCount": 9
  },
  "run": {
    "number": 2,
    "total": 3
  },
  "axe": {
    "passes": 1516,
    "violations": 5
  }
}