{
  "url": "https://www.emcasa.com/",
  "requestedUrl": "https://www.emcasa.com/",
  "timestamp": 1654193639411,
  "ranks": {
    "hundos": 1,
    "performance": 1,
    "accessibility": 1,
    "cumulative": 1
  },
  "lighthouse": {
    "version": "9.6.1",
    "performance": 0.36,
    "accessibility": 1,
    "bestPractices": 0.83,
    "seo": 1,
    "total": 319
  },
  "firstContentfulPaint": 5058.781,
  "firstMeaningfulPaint": 5058.781,
  "speedIndex": 5058.781,
  "largestContentfulPaint": 5584.845,
  "totalBlockingTime": 1429.9920000000002,
  "cumulativeLayoutShift": 0.002178615993923611,
  "timeToInteractive": 7275.917,
  "maxPotentialFirstInputDelay": 763,
  "timeToFirstByte": 39.79899999999998,
  "weight": {
    "summary": "38 requests • 929 KiB",
    "total": 950879,
    "image": 128321,
    "imageCount": 18,
    "script": 535186,
    "scriptCount": 9,
    "document": 151366,
    "font": 34151,
    "fontCount": 1,
    "stylesheet": 14608,
    "stylesheetCount": 3,
    "thirdParty": 55062,
    "thirdPartyCount": 9
  },
  "run": {
    "number": 1,
    "total": 3
  },
  "axe": {
    "passes": 1141,
    "violations": 3
  }
}