{
  "url": "https://www.emcasa.com/",
  "requestedUrl": "https://www.emcasa.com/",
  "timestamp": 1652662620046,
  "ranks": {
    "hundos": 1,
    "performance": 1,
    "accessibility": 1,
    "cumulative": 1
  },
  "lighthouse": {
    "version": "9.6.1",
    "performance": 0.35,
    "accessibility": 0.98,
    "bestPractices": 0.83,
    "seo": 1,
    "total": 318
  },
  "firstContentfulPaint": 5244.088000000001,
  "firstMeaningfulPaint": 5244.088000000001,
  "speedIndex": 5244.088000000001,
  "largestContentfulPaint": 5401.009,
  "totalBlockingTime": 1514.1184999999991,
  "cumulativeLayoutShift": 0.002178615993923611,
  "timeToInteractive": 7970.2585,
  "maxPotentialFirstInputDelay": 896,
  "timeToFirstByte": 53.161,
  "weight": {
    "summary": "53 requests • 1,046 KiB",
    "total": 1071495,
    "image": 128298,
    "imageCount": 18,
    "script": 655971,
    "scriptCount": 22,
    "document": 151676,
    "font": 34152,
    "fontCount": 1,
    "stylesheet": 14514,
    "stylesheetCount": 3,
    "thirdParty": 177955,
    "thirdPartyCount": 23
  },
  "run": {
    "number": 3,
    "total": 3
  },
  "axe": {
    "passes": 1141,
    "violations": 3
  }
}