{
  "url": "https://www.emcasa.com/",
  "requestedUrl": "https://www.emcasa.com/",
  "timestamp": 1657023667271,
  "ranks": {
    "hundos": 1,
    "performance": 1,
    "accessibility": 1,
    "cumulative": 1
  },
  "lighthouse": {
    "version": "9.6.3",
    "performance": 0.36,
    "accessibility": 1,
    "bestPractices": 0.83,
    "seo": 1,
    "total": 319
  },
  "firstContentfulPaint": 3002.698999999999,
  "firstMeaningfulPaint": 3002.698999999999,
  "speedIndex": 5152.983918499873,
  "largestContentfulPaint": 7935.029999999999,
  "totalBlockingTime": 1042.6464999999998,
  "cumulativeLayoutShift": 0.01975552707248264,
  "timeToInteractive": 10903.160500000002,
  "maxPotentialFirstInputDelay": 846.9999999999991,
  "timeToFirstByte": 37.917,
  "weight": {
    "summary": "94 requests • 1,561 KiB",
    "total": 1598365,
    "image": 493025,
    "imageCount": 44,
    "script": 804849,
    "scriptCount": 28,
    "document": 159753,
    "font": 34151,
    "fontCount": 1,
    "stylesheet": 14888,
    "stylesheetCount": 3,
    "thirdParty": 335762,
    "thirdPartyCount": 63
  },
  "run": {
    "number": 1,
    "total": 3
  },
  "axe": {
    "passes": 1021,
    "violations": 5
  }
}