{
  "url": "https://www.emcasa.com/",
  "requestedUrl": "https://www.emcasa.com/",
  "timestamp": 1652358121195,
  "ranks": {
    "hundos": 1,
    "performance": 1,
    "accessibility": 1,
    "cumulative": 1
  },
  "lighthouse": {
    "version": "9.6.1",
    "performance": 0.44,
    "accessibility": 1,
    "bestPractices": 0.83,
    "seo": 1,
    "total": 327
  },
  "firstContentfulPaint": 4580.6990000000005,
  "firstMeaningfulPaint": 4580.6990000000005,
  "speedIndex": 4580.6990000000005,
  "largestContentfulPaint": 4580.6990000000005,
  "totalBlockingTime": 1050.0210000000002,
  "cumulativeLayoutShift": 0.002178615993923611,
  "timeToInteractive": 8170.048000000001,
  "maxPotentialFirstInputDelay": 846,
  "timeToFirstByte": 58.437,
  "weight": {
    "summary": "40 requests • 926 KiB",
    "total": 948418,
    "image": 128315,
    "imageCount": 18,
    "script": 533039,
    "scriptCount": 10,
    "document": 151204,
    "font": 34152,
    "fontCount": 1,
    "stylesheet": 14524,
    "stylesheetCount": 3,
    "thirdParty": 54735,
    "thirdPartyCount": 9
  },
  "run": {
    "number": 3,
    "total": 3
  },
  "axe": {
    "passes": 1141,
    "violations": 3
  }
}