{
  "url": "https://www.emcasa.com/",
  "requestedUrl": "https://www.emcasa.com/",
  "timestamp": 1654691060532,
  "ranks": {
    "hundos": 1,
    "performance": 1,
    "accessibility": 1,
    "cumulative": 1
  },
  "lighthouse": {
    "version": "9.6.1",
    "performance": 0.4,
    "accessibility": 0.98,
    "bestPractices": 0.83,
    "seo": 1,
    "total": 323
  },
  "firstContentfulPaint": 2131.274,
  "firstMeaningfulPaint": 2131.274,
  "speedIndex": 5420.12245109402,
  "largestContentfulPaint": 7607.628000000001,
  "totalBlockingTime": 1120.5840000000007,
  "cumulativeLayoutShift": 0.002178615993923611,
  "timeToInteractive": 8743.304,
  "maxPotentialFirstInputDelay": 887,
  "timeToFirstByte": 65.29299999999999,
  "weight": {
    "summary": "39 requests • 930 KiB",
    "total": 952129,
    "image": 128319,
    "imageCount": 18,
    "script": 535132,
    "scriptCount": 9,
    "document": 152144,
    "font": 34152,
    "fontCount": 1,
    "stylesheet": 14622,
    "stylesheetCount": 3,
    "thirdParty": 55100,
    "thirdPartyCount": 9
  },
  "run": {
    "number": 2,
    "total": 3
  },
  "axe": {
    "passes": 1189,
    "violations": 3
  }
}