{
  "url": "https://www.emcasa.com/",
  "requestedUrl": "https://www.emcasa.com/",
  "timestamp": 1649033236832,
  "ranks": {
    "hundos": 1,
    "performance": 1,
    "accessibility": 1,
    "cumulative": 1
  },
  "lighthouse": {
    "version": "9.5.0",
    "performance": 0.29,
    "accessibility": 0.98,
    "bestPractices": 0.92,
    "seo": 1,
    "total": 321
  },
  "firstContentfulPaint": 5492.562000000001,
  "firstMeaningfulPaint": 5630.062000000001,
  "speedIndex": 6972.935846337841,
  "largestContentfulPaint": 5767.562000000001,
  "totalBlockingTime": 1851,
  "cumulativeLayoutShift": 0.002178615993923611,
  "timeToInteractive": 8542.032,
  "maxPotentialFirstInputDelay": 1056.000000000001,
  "timeToFirstByte": 142.82999999999998,
  "weight": {
    "summary": "37 requests • 928 KiB",
    "total": 950283,
    "image": 126505,
    "imageCount": 16,
    "script": 548559,
    "scriptCount": 10,
    "document": 144628,
    "font": 34152,
    "fontCount": 1,
    "stylesheet": 13543,
    "stylesheetCount": 3,
    "thirdParty": 73533,
    "thirdPartyCount": 8
  },
  "run": {
    "number": 1,
    "total": 3
  },
  "axe": {
    "passes": 1038,
    "violations": 3
  }
}