{
  "url": "https://www.emcasa.com/",
  "requestedUrl": "https://www.emcasa.com/",
  "timestamp": 1649119565781,
  "ranks": {
    "hundos": 1,
    "performance": 1,
    "accessibility": 1,
    "cumulative": 1
  },
  "lighthouse": {
    "version": "9.5.0",
    "performance": 0.26,
    "accessibility": 0.98,
    "bestPractices": 0.92,
    "seo": 1,
    "total": 318
  },
  "firstContentfulPaint": 5786.305,
  "firstMeaningfulPaint": 5786.305,
  "speedIndex": 8004.355676661655,
  "largestContentfulPaint": 5982.118,
  "totalBlockingTime": 1895.5,
  "cumulativeLayoutShift": 0.002178615993923611,
  "timeToInteractive": 9402.3995,
  "maxPotentialFirstInputDelay": 922,
  "timeToFirstByte": 112.789,
  "weight": {
    "summary": "63 requests • 1,183 KiB",
    "total": 1211871,
    "image": 126460,
    "imageCount": 18,
    "script": 806429,
    "scriptCount": 27,
    "document": 147213,
    "font": 34152,
    "fontCount": 1,
    "stylesheet": 13569,
    "stylesheetCount": 3,
    "thirdParty": 332223,
    "thirdPartyCount": 33
  },
  "run": {
    "number": 1,
    "total": 3
  },
  "axe": {
    "passes": 1000,
    "violations": 3
  }
}