{
  "url": "https://www.emcasa.com/",
  "requestedUrl": "https://www.emcasa.com/",
  "timestamp": 1655600206116,
  "ranks": {
    "hundos": 1,
    "performance": 1,
    "accessibility": 1,
    "cumulative": 1
  },
  "lighthouse": {
    "version": "9.6.2",
    "performance": 0.39,
    "accessibility": 1,
    "bestPractices": 0.83,
    "seo": 1,
    "total": 322
  },
  "firstContentfulPaint": 5228.769000000001,
  "firstMeaningfulPaint": 5228.769000000001,
  "speedIndex": 5228.769000000001,
  "largestContentfulPaint": 8144.729,
  "totalBlockingTime": 741.0799999999995,
  "cumulativeLayoutShift": 0.01975552707248264,
  "timeToInteractive": 7973.4365,
  "maxPotentialFirstInputDelay": 804,
  "timeToFirstByte": 49.31100000000001,
  "weight": {
    "summary": "68 requests • 1,612 KiB",
    "total": 1651168,
    "image": 492379,
    "imageCount": 27,
    "script": 869953,
    "scriptCount": 25,
    "document": 151542,
    "font": 34152,
    "fontCount": 1,
    "stylesheet": 14836,
    "stylesheetCount": 3,
    "thirdParty": 391887,
    "thirdPartyCount": 37
  },
  "run": {
    "number": 3,
    "total": 3
  },
  "axe": {
    "passes": 664,
    "violations": 3
  }
}