{
  "url": "https://www.emcasa.com/",
  "requestedUrl": "https://www.emcasa.com/",
  "timestamp": 1652336181499,
  "ranks": {
    "hundos": 1,
    "performance": 1,
    "accessibility": 1,
    "cumulative": 1
  },
  "lighthouse": {
    "version": "9.6.1",
    "performance": 0.31,
    "accessibility": 0.98,
    "bestPractices": 0.83,
    "seo": 1,
    "total": 314
  },
  "firstContentfulPaint": 5996.031999999999,
  "firstMeaningfulPaint": 5996.031999999999,
  "speedIndex": 5996.031999999999,
  "largestContentfulPaint": 6322.074,
  "totalBlockingTime": 1533.5420000000013,
  "cumulativeLayoutShift": 0.002178615993923611,
  "timeToInteractive": 7926.700000000001,
  "maxPotentialFirstInputDelay": 812,
  "timeToFirstByte": 83.381,
  "weight": {
    "summary": "38 requests • 926 KiB",
    "total": 948594,
    "image": 128332,
    "imageCount": 18,
    "script": 533037,
    "scriptCount": 8,
    "document": 151366,
    "font": 34152,
    "fontCount": 1,
    "stylesheet": 14525,
    "stylesheetCount": 3,
    "thirdParty": 54738,
    "thirdPartyCount": 7
  },
  "run": {
    "number": 2,
    "total": 3
  },
  "axe": {
    "passes": 1189,
    "violations": 3
  }
}