{
  "url": "https://www.emcasa.com/",
  "requestedUrl": "https://www.emcasa.com/",
  "timestamp": 1651385656496,
  "ranks": {
    "hundos": 1,
    "performance": 1,
    "accessibility": 1,
    "cumulative": 1
  },
  "lighthouse": {
    "version": "9.5.0",
    "performance": 0.31,
    "accessibility": 0.98,
    "bestPractices": 0.83,
    "seo": 0.99,
    "total": 311
  },
  "firstContentfulPaint": 5529.148999999999,
  "firstMeaningfulPaint": 5529.148999999999,
  "speedIndex": 5529.148999999999,
  "largestContentfulPaint": 6649.987,
  "totalBlockingTime": 1542.902,
  "cumulativeLayoutShift": 0.002178615993923611,
  "timeToInteractive": 8043.598999999999,
  "maxPotentialFirstInputDelay": 1073,
  "timeToFirstByte": 22.488999999999997,
  "weight": {
    "summary": "38 requests • 938 KiB",
    "total": 960714,
    "image": 127284,
    "imageCount": 17,
    "script": 549606,
    "scriptCount": 10,
    "document": 149854,
    "font": 34152,
    "fontCount": 1,
    "stylesheet": 14026,
    "stylesheetCount": 3,
    "thirdParty": 74283,
    "thirdPartyCount": 9
  },
  "run": {
    "number": 3,
    "total": 3
  },
  "axe": {
    "passes": 1295,
    "violations": 5
  }
}