{
  "url": "https://www.emcasa.com/",
  "requestedUrl": "https://www.emcasa.com/",
  "timestamp": 1653804873818,
  "ranks": {
    "hundos": 1,
    "performance": 1,
    "accessibility": 1,
    "cumulative": 1
  },
  "lighthouse": {
    "version": "9.6.1",
    "performance": 0.34,
    "accessibility": 1,
    "bestPractices": 0.83,
    "seo": 1,
    "total": 317
  },
  "firstContentfulPaint": 4241.705,
  "firstMeaningfulPaint": 4241.705,
  "speedIndex": 6276.632801749059,
  "largestContentfulPaint": 4557.995000000001,
  "totalBlockingTime": 1688.499999999999,
  "cumulativeLayoutShift": 0.002178615993923611,
  "timeToInteractive": 14018.895,
  "maxPotentialFirstInputDelay": 825.9999999999964,
  "timeToFirstByte": 124.861,
  "weight": {
    "summary": "151 requests • 1,492 KiB",
    "total": 1527847,
    "image": 141268,
    "imageCount": 48,
    "script": 1071591,
    "scriptCount": 52,
    "document": 162062,
    "font": 34152,
    "fontCount": 1,
    "stylesheet": 14649,
    "stylesheetCount": 3,
    "thirdParty": 632198,
    "thirdPartyCount": 121
  },
  "run": {
    "number": 2,
    "total": 3
  },
  "axe": {
    "passes": 1189,
    "violations": 3
  }
}