{
  "url": "https://www.emcasa.com/",
  "requestedUrl": "https://www.emcasa.com/",
  "timestamp": 1650910492569,
  "ranks": {
    "hundos": 1,
    "performance": 1,
    "accessibility": 1,
    "cumulative": 1
  },
  "lighthouse": {
    "version": "9.5.0",
    "performance": 0.33,
    "accessibility": 0.98,
    "bestPractices": 0.83,
    "seo": 1,
    "total": 316
  },
  "firstContentfulPaint": 5332.031999999999,
  "firstMeaningfulPaint": 5332.031999999999,
  "speedIndex": 5332.031999999999,
  "largestContentfulPaint": 5662.052,
  "totalBlockingTime": 1966.4500000000003,
  "cumulativeLayoutShift": 0.002178615993923611,
  "timeToInteractive": 7783.561999999998,
  "maxPotentialFirstInputDelay": 1317,
  "timeToFirstByte": 493.14,
  "weight": {
    "summary": "71 requests • 1,294 KiB",
    "total": 1325058,
    "image": 127437,
    "imageCount": 19,
    "script": 912280,
    "scriptCount": 36,
    "document": 150918,
    "font": 34152,
    "fontCount": 1,
    "stylesheet": 14035,
    "stylesheetCount": 3,
    "thirdParty": 438849,
    "thirdPartyCount": 43
  },
  "run": {
    "number": 1,
    "total": 3
  },
  "axe": {
    "passes": 1066,
    "violations": 3
  }
}