{
  "url": "https://www.emcasa.com/",
  "requestedUrl": "https://www.emcasa.com/",
  "timestamp": 1655230413180,
  "ranks": {
    "hundos": 1,
    "performance": 1,
    "accessibility": 1,
    "cumulative": 1
  },
  "lighthouse": {
    "version": "9.6.2",
    "performance": 0.27,
    "accessibility": 1,
    "bestPractices": 0.83,
    "seo": 1,
    "total": 310
  },
  "firstContentfulPaint": 5543.346999999999,
  "firstMeaningfulPaint": 5543.346999999999,
  "speedIndex": 6574.066536514134,
  "largestContentfulPaint": 8189.345999999998,
  "totalBlockingTime": 1247.499999999999,
  "cumulativeLayoutShift": 0.01975552707248264,
  "timeToInteractive": 14240.764999999992,
  "maxPotentialFirstInputDelay": 812,
  "timeToFirstByte": 61.30899999999999,
  "weight": {
    "summary": "129 requests • 1,717 KiB",
    "total": 1758565,
    "image": 508905,
    "imageCount": 60,
    "script": 941952,
    "scriptCount": 29,
    "document": 158970,
    "font": 34153,
    "fontCount": 1,
    "stylesheet": 14838,
    "stylesheetCount": 3,
    "thirdParty": 499084,
    "thirdPartyCount": 97
  },
  "run": {
    "number": 3,
    "total": 3
  },
  "axe": {
    "passes": 664,
    "violations": 3
  }
}