{
  "url": "https://www.emcasa.com/",
  "requestedUrl": "https://www.emcasa.com/",
  "timestamp": 1656569667053,
  "ranks": {
    "hundos": 1,
    "performance": 1,
    "accessibility": 1,
    "cumulative": 1
  },
  "lighthouse": {
    "version": "9.6.3",
    "performance": 0.33,
    "accessibility": 1,
    "bestPractices": 0.83,
    "seo": 1,
    "total": 316
  },
  "firstContentfulPaint": 5539.358,
  "firstMeaningfulPaint": 5539.358,
  "speedIndex": 5539.358,
  "largestContentfulPaint": 8026.947999999999,
  "totalBlockingTime": 1095.7980000000007,
  "cumulativeLayoutShift": 0.01975552707248264,
  "timeToInteractive": 7733.004000000001,
  "maxPotentialFirstInputDelay": 852,
  "timeToFirstByte": 46.980999999999995,
  "weight": {
    "summary": "40 requests • 1,287 KiB",
    "total": 1317422,
    "image": 491905,
    "imageCount": 20,
    "script": 536726,
    "scriptCount": 9,
    "document": 151904,
    "font": 34152,
    "fontCount": 1,
    "stylesheet": 14872,
    "stylesheetCount": 3,
    "thirdParty": 55105,
    "thirdPartyCount": 9
  },
  "run": {
    "number": 2,
    "total": 3
  },
  "axe": {
    "passes": 664,
    "violations": 3
  }
}