{
  "url": "https://www.emcasa.com/",
  "requestedUrl": "https://www.emcasa.com/",
  "timestamp": 1656742395524,
  "ranks": {
    "hundos": 1,
    "performance": 1,
    "accessibility": 1,
    "cumulative": 1
  },
  "lighthouse": {
    "version": "9.6.3",
    "performance": 0.29,
    "accessibility": 1,
    "bestPractices": 0.83,
    "seo": 1,
    "total": 312
  },
  "firstContentfulPaint": 5946.866999999999,
  "firstMeaningfulPaint": 5946.866999999999,
  "speedIndex": 5946.866999999999,
  "largestContentfulPaint": 8347.587000000001,
  "totalBlockingTime": 1499,
  "cumulativeLayoutShift": 0.01975552707248264,
  "timeToInteractive": 8209.726999999999,
  "maxPotentialFirstInputDelay": 1209,
  "timeToFirstByte": 52.333999999999996,
  "weight": {
    "summary": "40 requests • 1,286 KiB",
    "total": 1317375,
    "image": 491770,
    "imageCount": 20,
    "script": 536563,
    "scriptCount": 9,
    "document": 151990,
    "font": 34152,
    "fontCount": 1,
    "stylesheet": 14873,
    "stylesheetCount": 3,
    "thirdParty": 55066,
    "thirdPartyCount": 9
  },
  "run": {
    "number": 2,
    "total": 3
  },
  "axe": {
    "passes": 664,
    "violations": 3
  }
}