{
  "url": "https://www.emcasa.com/",
  "requestedUrl": "https://www.emcasa.com/",
  "timestamp": 1652962869284,
  "ranks": {
    "hundos": 1,
    "performance": 1,
    "accessibility": 1,
    "cumulative": 1
  },
  "lighthouse": {
    "version": "9.6.1",
    "performance": 0.56,
    "accessibility": 0.98,
    "bestPractices": 0.83,
    "seo": 1,
    "total": 339
  },
  "firstContentfulPaint": 2669.025,
  "firstMeaningfulPaint": 2669.025,
  "speedIndex": 3593.5272247587573,
  "largestContentfulPaint": 3052.5,
  "totalBlockingTime": 1990.1749999999997,
  "cumulativeLayoutShift": 0.002178615993923611,
  "timeToInteractive": 7650.824999999999,
  "maxPotentialFirstInputDelay": 957,
  "timeToFirstByte": 23.071999999999996,
  "weight": {
    "summary": "77 requests • 1,419 KiB",
    "total": 1453512,
    "image": 129115,
    "imageCount": 24,
    "script": 1032257,
    "scriptCount": 33,
    "document": 152896,
    "font": 34152,
    "fontCount": 1,
    "stylesheet": 14519,
    "stylesheetCount": 3,
    "thirdParty": 560241,
    "thirdPartyCount": 47
  },
  "run": {
    "number": 3,
    "total": 3
  },
  "axe": {
    "passes": 1189,
    "violations": 3
  }
}