{
  "url": "https://www.emcasa.com/",
  "requestedUrl": "https://www.emcasa.com/",
  "timestamp": 1650156711622,
  "ranks": {
    "hundos": 1,
    "performance": 1,
    "accessibility": 1,
    "cumulative": 1
  },
  "lighthouse": {
    "version": "9.5.0",
    "performance": 0.56,
    "accessibility": 0.98,
    "bestPractices": 0.92,
    "seo": 1,
    "total": 348
  },
  "firstContentfulPaint": 2631.012,
  "firstMeaningfulPaint": 2631.012,
  "speedIndex": 4532.732030981243,
  "largestContentfulPaint": 3188.288,
  "totalBlockingTime": 1466.5,
  "cumulativeLayoutShift": 0.002178615993923611,
  "timeToInteractive": 7393.737,
  "maxPotentialFirstInputDelay": 692,
  "timeToFirstByte": 29.730999999999995,
  "weight": {
    "summary": "38 requests • 918 KiB",
    "total": 939935,
    "image": 127243,
    "imageCount": 17,
    "script": 529871,
    "scriptCount": 10,
    "document": 149318,
    "font": 34152,
    "fontCount": 1,
    "stylesheet": 14025,
    "stylesheetCount": 3,
    "thirdParty": 54739,
    "thirdPartyCount": 9
  },
  "run": {
    "number": 1,
    "total": 3
  },
  "axe": {
    "passes": 1018,
    "violations": 3
  }
}