{
  "url": "https://www.emcasa.com/",
  "requestedUrl": "https://www.emcasa.com/",
  "timestamp": 1653502449333,
  "ranks": {
    "hundos": 1,
    "performance": 1,
    "accessibility": 1,
    "cumulative": 1
  },
  "lighthouse": {
    "version": "9.6.1",
    "performance": 0.6,
    "accessibility": 0.98,
    "bestPractices": 0.83,
    "seo": 1,
    "total": 343
  },
  "firstContentfulPaint": 2769.0179999999996,
  "firstMeaningfulPaint": 2769.0179999999996,
  "speedIndex": 3270.3389371761423,
  "largestContentfulPaint": 3171.7429999999995,
  "totalBlockingTime": 1104.7125,
  "cumulativeLayoutShift": 0.002178615993923611,
  "timeToInteractive": 7476.955500000002,
  "maxPotentialFirstInputDelay": 863,
  "timeToFirstByte": 36.184999999999995,
  "weight": {
    "summary": "39 requests • 928 KiB",
    "total": 949787,
    "image": 128293,
    "imageCount": 18,
    "script": 534440,
    "scriptCount": 10,
    "document": 151310,
    "font": 34152,
    "fontCount": 1,
    "stylesheet": 14681,
    "stylesheetCount": 3,
    "thirdParty": 54739,
    "thirdPartyCount": 9
  },
  "run": {
    "number": 2,
    "total": 3
  },
  "axe": {
    "passes": 1418,
    "violations": 5
  }
}