{
  "url": "https://www.emcasa.com/",
  "requestedUrl": "https://www.emcasa.com/",
  "timestamp": 1653977712368,
  "ranks": {
    "hundos": 1,
    "performance": 1,
    "accessibility": 1,
    "cumulative": 1
  },
  "lighthouse": {
    "version": "9.6.1",
    "performance": 0.34,
    "accessibility": 1,
    "bestPractices": 0.83,
    "seo": 1,
    "total": 317
  },
  "firstContentfulPaint": 4649.451999999999,
  "firstMeaningfulPaint": 4649.451999999999,
  "speedIndex": 7067.624818600374,
  "largestContentfulPaint": 4952.107999999998,
  "totalBlockingTime": 1617.5,
  "cumulativeLayoutShift": 0.002178615993923611,
  "timeToInteractive": 8644.872,
  "maxPotentialFirstInputDelay": 1190,
  "timeToFirstByte": 1211.942,
  "weight": {
    "summary": "57 requests • 1,078 KiB",
    "total": 1104221,
    "image": 128366,
    "imageCount": 18,
    "script": 687768,
    "scriptCount": 24,
    "document": 151897,
    "font": 34153,
    "fontCount": 1,
    "stylesheet": 14650,
    "stylesheetCount": 3,
    "thirdParty": 207886,
    "thirdPartyCount": 27
  },
  "run": {
    "number": 1,
    "total": 3
  },
  "axe": {
    "passes": 1220,
    "violations": 3
  }
}