{
  "url": "https://www.emcasa.com/",
  "requestedUrl": "https://www.emcasa.com/",
  "timestamp": 1655945501061,
  "ranks": {
    "hundos": 1,
    "performance": 1,
    "accessibility": 1,
    "cumulative": 1
  },
  "lighthouse": {
    "version": "9.6.2",
    "performance": 0.38,
    "accessibility": 1,
    "bestPractices": 0.83,
    "seo": 1,
    "total": 321
  },
  "firstContentfulPaint": 5519.983,
  "firstMeaningfulPaint": 5519.983,
  "speedIndex": 5519.983,
  "largestContentfulPaint": 8412.151999999998,
  "totalBlockingTime": 672.5,
  "cumulativeLayoutShift": 0.01975552707248264,
  "timeToInteractive": 8555.957,
  "maxPotentialFirstInputDelay": 682,
  "timeToFirstByte": 59.68899999999999,
  "weight": {
    "summary": "74 requests • 1,673 KiB",
    "total": 1713215,
    "image": 493535,
    "imageCount": 26,
    "script": 928166,
    "scriptCount": 27,
    "document": 152061,
    "font": 34151,
    "fontCount": 1,
    "stylesheet": 14837,
    "stylesheetCount": 3,
    "thirdParty": 452963,
    "thirdPartyCount": 43
  },
  "run": {
    "number": 1,
    "total": 3
  },
  "axe": {
    "passes": 664,
    "violations": 3
  }
}