{
  "url": "https://www.emcasa.com/",
  "requestedUrl": "https://www.emcasa.com/",
  "timestamp": 1657001658774,
  "ranks": {
    "hundos": 1,
    "performance": 1,
    "accessibility": 1,
    "cumulative": 1
  },
  "lighthouse": {
    "version": "9.6.3",
    "performance": 0.5,
    "accessibility": 1,
    "bestPractices": 0.83,
    "seo": 1,
    "total": 333
  },
  "firstContentfulPaint": 2946.7169999999996,
  "firstMeaningfulPaint": 2946.7169999999996,
  "speedIndex": 4083.4074218226165,
  "largestContentfulPaint": 8073.941,
  "totalBlockingTime": 506.5,
  "cumulativeLayoutShift": 0.01975552707248264,
  "timeToInteractive": 8364.379,
  "maxPotentialFirstInputDelay": 786,
  "timeToFirstByte": 66.097,
  "weight": {
    "summary": "40 requests • 1,287 KiB",
    "total": 1318086,
    "image": 491845,
    "imageCount": 20,
    "script": 536959,
    "scriptCount": 9,
    "document": 152215,
    "font": 34153,
    "fontCount": 1,
    "stylesheet": 14884,
    "stylesheetCount": 3,
    "thirdParty": 55069,
    "thirdPartyCount": 9
  },
  "run": {
    "number": 2,
    "total": 3
  },
  "axe": {
    "passes": 664,
    "violations": 3
  }
}