{
  "url": "https://www.emcasa.com/",
  "requestedUrl": "https://www.emcasa.com/",
  "timestamp": 1650780844503,
  "ranks": {
    "hundos": 1,
    "performance": 1,
    "accessibility": 1,
    "cumulative": 1
  },
  "lighthouse": {
    "version": "9.5.0",
    "performance": 0.33,
    "accessibility": 1,
    "bestPractices": 0.83,
    "seo": 1,
    "total": 316
  },
  "firstContentfulPaint": 5008.228,
  "firstMeaningfulPaint": 5242.7305,
  "speedIndex": 5008.228,
  "largestContentfulPaint": 5789.903000000001,
  "totalBlockingTime": 1672.664999999999,
  "cumulativeLayoutShift": 0.002178615993923611,
  "timeToInteractive": 8022.247999999999,
  "maxPotentialFirstInputDelay": 1025.999999999999,
  "timeToFirstByte": 34.74399999999999,
  "weight": {
    "summary": "51 requests • 1,018 KiB",
    "total": 1042717,
    "image": 127325,
    "imageCount": 17,
    "script": 632612,
    "scriptCount": 22,
    "document": 149264,
    "font": 34152,
    "fontCount": 1,
    "stylesheet": 14031,
    "stylesheetCount": 3,
    "thirdParty": 157213,
    "thirdPartyCount": 23
  },
  "run": {
    "number": 2,
    "total": 3
  },
  "axe": {
    "passes": 1066,
    "violations": 3
  }
}