{
  "url": "https://www.emcasa.com/",
  "requestedUrl": "https://www.emcasa.com/",
  "timestamp": 1656828846488,
  "ranks": {
    "hundos": 1,
    "performance": 1,
    "accessibility": 1,
    "cumulative": 1
  },
  "lighthouse": {
    "version": "9.6.3",
    "performance": 0.42,
    "accessibility": 1,
    "bestPractices": 0.83,
    "seo": 1,
    "total": 325
  },
  "firstContentfulPaint": 2812.656,
  "firstMeaningfulPaint": 2812.656,
  "speedIndex": 3446.7446420474,
  "largestContentfulPaint": 8110.746000000001,
  "totalBlockingTime": 1149,
  "cumulativeLayoutShift": 0.01975552707248264,
  "timeToInteractive": 6987.762000000001,
  "maxPotentialFirstInputDelay": 810,
  "timeToFirstByte": 53.590999999999994,
  "weight": {
    "summary": "38 requests • 1,287 KiB",
    "total": 1317554,
    "image": 491771,
    "imageCount": 20,
    "script": 536551,
    "scriptCount": 7,
    "document": 152176,
    "font": 34152,
    "fontCount": 1,
    "stylesheet": 14874,
    "stylesheetCount": 3,
    "thirdParty": 55069,
    "thirdPartyCount": 7
  },
  "run": {
    "number": 3,
    "total": 3
  },
  "axe": {
    "passes": 664,
    "violations": 3
  }
}