{
  "url": "https://www.emcasa.com/",
  "requestedUrl": "https://www.emcasa.com/",
  "timestamp": 1649247602007,
  "ranks": {
    "hundos": 1,
    "performance": 1,
    "accessibility": 1,
    "cumulative": 1
  },
  "lighthouse": {
    "version": "9.5.0",
    "performance": 0.39,
    "accessibility": 1,
    "bestPractices": 0.92,
    "seo": 1,
    "total": 331
  },
  "firstContentfulPaint": 4986.332,
  "firstMeaningfulPaint": 4986.332,
  "speedIndex": 4986.332,
  "largestContentfulPaint": 4986.332,
  "totalBlockingTime": 1286,
  "cumulativeLayoutShift": 0.002178615993923611,
  "timeToInteractive": 7616.590999999999,
  "maxPotentialFirstInputDelay": 615,
  "timeToFirstByte": 43.201,
  "weight": {
    "summary": "96 requests • 1,409 KiB",
    "total": 1442419,
    "image": 127824,
    "imageCount": 26,
    "script": 1029751,
    "scriptCount": 42,
    "document": 147863,
    "font": 34151,
    "fontCount": 1,
    "stylesheet": 13569,
    "stylesheetCount": 3,
    "thirdParty": 562857,
    "thirdPartyCount": 66
  },
  "run": {
    "number": 2,
    "total": 3
  },
  "axe": {
    "passes": 1038,
    "violations": 3
  }
}