{
  "url": "https://www.emcasa.com/",
  "requestedUrl": "https://www.emcasa.com/",
  "timestamp": 1651062017830,
  "ranks": {
    "hundos": 1,
    "performance": 1,
    "accessibility": 1,
    "cumulative": 1
  },
  "lighthouse": {
    "version": "9.5.0",
    "performance": 0.31,
    "accessibility": 0.98,
    "bestPractices": 0.83,
    "seo": 1,
    "total": 314
  },
  "firstContentfulPaint": 6127.065,
  "firstMeaningfulPaint": 6127.065,
  "speedIndex": 6127.065,
  "largestContentfulPaint": 6290.423,
  "totalBlockingTime": 1490.9999999999995,
  "cumulativeLayoutShift": 0.002178615993923611,
  "timeToInteractive": 7929.929,
  "maxPotentialFirstInputDelay": 631,
  "timeToFirstByte": 55.74099999999999,
  "weight": {
    "summary": "38 requests • 919 KiB",
    "total": 941253,
    "image": 127258,
    "imageCount": 17,
    "script": 530061,
    "scriptCount": 10,
    "document": 149975,
    "font": 34151,
    "fontCount": 1,
    "stylesheet": 14025,
    "stylesheetCount": 3,
    "thirdParty": 54734,
    "thirdPartyCount": 9
  },
  "run": {
    "number": 3,
    "total": 3
  },
  "axe": {
    "passes": 1551,
    "violations": 5
  }
}