{
  "url": "https://www.emcasa.com/",
  "requestedUrl": "https://www.emcasa.com/",
  "timestamp": 1651280327954,
  "ranks": {
    "hundos": 1,
    "performance": 1,
    "accessibility": 1,
    "cumulative": 1
  },
  "lighthouse": {
    "version": "9.5.0",
    "performance": 0.43,
    "accessibility": 0.98,
    "bestPractices": 0.83,
    "seo": 1,
    "total": 324
  },
  "firstContentfulPaint": 3955.383,
  "firstMeaningfulPaint": 3955.383,
  "speedIndex": 6515.796676606839,
  "largestContentfulPaint": 4202.084,
  "totalBlockingTime": 1256.9999999999995,
  "cumulativeLayoutShift": 0.002178615993923611,
  "timeToInteractive": 7531.197,
  "maxPotentialFirstInputDelay": 937,
  "timeToFirstByte": 1466.704,
  "weight": {
    "summary": "38 requests • 919 KiB",
    "total": 941307,
    "image": 127299,
    "imageCount": 17,
    "script": 530109,
    "scriptCount": 10,
    "document": 149927,
    "font": 34152,
    "fontCount": 1,
    "stylesheet": 14026,
    "stylesheetCount": 3,
    "thirdParty": 54740,
    "thirdPartyCount": 9
  },
  "run": {
    "number": 1,
    "total": 3
  },
  "axe": {
    "passes": 1018,
    "violations": 3
  }
}