{
  "url": "https://www.emcasa.com/",
  "requestedUrl": "https://www.emcasa.com/",
  "timestamp": 1648774425717,
  "ranks": {
    "hundos": 1,
    "performance": 1,
    "accessibility": 1,
    "cumulative": 1
  },
  "lighthouse": {
    "version": "9.5.0",
    "performance": 0.39,
    "accessibility": 0.98,
    "bestPractices": 0.92,
    "seo": 1,
    "total": 329
  },
  "firstContentfulPaint": 4861.717000000001,
  "firstMeaningfulPaint": 4861.717000000001,
  "speedIndex": 4861.717000000001,
  "largestContentfulPaint": 5174.005,
  "totalBlockingTime": 1199.9999999999995,
  "cumulativeLayoutShift": 0.002178615993923611,
  "timeToInteractive": 8035.4450000000015,
  "maxPotentialFirstInputDelay": 875,
  "timeToFirstByte": 58.618,
  "weight": {
    "summary": "38 requests • 909 KiB",
    "total": 930957,
    "image": 126488,
    "imageCount": 16,
    "script": 529032,
    "scriptCount": 10,
    "document": 144843,
    "font": 34151,
    "fontCount": 1,
    "stylesheet": 13549,
    "stylesheetCount": 3,
    "thirdParty": 53971,
    "thirdPartyCount": 8
  },
  "run": {
    "number": 3,
    "total": 3
  },
  "axe": {
    "passes": 1038,
    "violations": 3
  }
}