{
  "url": "https://www.emcasa.com/",
  "requestedUrl": "https://www.emcasa.com/",
  "timestamp": 1653267132007,
  "ranks": {
    "hundos": 1,
    "performance": 1,
    "accessibility": 1,
    "cumulative": 1
  },
  "lighthouse": {
    "version": "9.6.1",
    "performance": 0.38,
    "accessibility": 0.98,
    "bestPractices": 0.83,
    "seo": 0.99,
    "total": 318
  },
  "firstContentfulPaint": 3014.008,
  "firstMeaningfulPaint": 3014.008,
  "speedIndex": 4510.562242722615,
  "largestContentfulPaint": 7588.5185,
  "totalBlockingTime": 1263.4999999999995,
  "cumulativeLayoutShift": 0.002178615993923611,
  "timeToInteractive": 8257.287,
  "maxPotentialFirstInputDelay": 1032,
  "timeToFirstByte": 51.23399999999998,
  "weight": {
    "summary": "39 requests • 928 KiB",
    "total": 950258,
    "image": 128328,
    "imageCount": 18,
    "script": 534449,
    "scriptCount": 10,
    "document": 151756,
    "font": 34152,
    "fontCount": 1,
    "stylesheet": 14652,
    "stylesheetCount": 3,
    "thirdParty": 54739,
    "thirdPartyCount": 9
  },
  "run": {
    "number": 1,
    "total": 3
  },
  "axe": {
    "passes": 1141,
    "violations": 3
  }
}