{
  "url": "https://www.emcasa.com/",
  "requestedUrl": "https://www.emcasa.com/",
  "timestamp": 1651299252080,
  "ranks": {
    "hundos": 1,
    "performance": 1,
    "accessibility": 1,
    "cumulative": 1
  },
  "lighthouse": {
    "version": "9.5.0",
    "performance": 0.36,
    "accessibility": 0.98,
    "bestPractices": 0.83,
    "seo": 1,
    "total": 319
  },
  "firstContentfulPaint": 5401.843,
  "firstMeaningfulPaint": 5401.843,
  "speedIndex": 5401.843,
  "largestContentfulPaint": 5952.271,
  "totalBlockingTime": 1176.3215,
  "cumulativeLayoutShift": 0.002178615993923611,
  "timeToInteractive": 7553.448499999999,
  "maxPotentialFirstInputDelay": 954,
  "timeToFirstByte": 25.414,
  "weight": {
    "summary": "38 requests • 919 KiB",
    "total": 941162,
    "image": 127297,
    "imageCount": 17,
    "script": 530058,
    "scriptCount": 10,
    "document": 149848,
    "font": 34151,
    "fontCount": 1,
    "stylesheet": 14023,
    "stylesheetCount": 3,
    "thirdParty": 54732,
    "thirdPartyCount": 9
  },
  "run": {
    "number": 3,
    "total": 3
  },
  "axe": {
    "passes": 1551,
    "violations": 5
  }
}