{
  "url": "https://www.emcasa.com/",
  "requestedUrl": "https://www.emcasa.com/",
  "timestamp": 1655122921507,
  "ranks": {
    "hundos": 1,
    "performance": 1,
    "accessibility": 1,
    "cumulative": 1
  },
  "lighthouse": {
    "version": "9.6.2",
    "performance": 0.37,
    "accessibility": 1,
    "bestPractices": 0.83,
    "seo": 1,
    "total": 320
  },
  "firstContentfulPaint": 3024.776,
  "firstMeaningfulPaint": 3024.776,
  "speedIndex": 4131.138174155278,
  "largestContentfulPaint": 8762.036,
  "totalBlockingTime": 1182.7525000000005,
  "cumulativeLayoutShift": 0.01975552707248264,
  "timeToInteractive": 9619.8315,
  "maxPotentialFirstInputDelay": 1327,
  "timeToFirstByte": 51.415,
  "weight": {
    "summary": "40 requests • 1,283 KiB",
    "total": 1314177,
    "image": 491820,
    "imageCount": 20,
    "script": 534508,
    "scriptCount": 9,
    "document": 151420,
    "font": 34152,
    "fontCount": 1,
    "stylesheet": 14779,
    "stylesheetCount": 3,
    "thirdParty": 55057,
    "thirdPartyCount": 9
  },
  "run": {
    "number": 3,
    "total": 3
  },
  "axe": {
    "passes": 776,
    "violations": 3
  }
}