{
  "url": "https://www.emcasa.com/",
  "requestedUrl": "https://www.emcasa.com/",
  "timestamp": 1656418942556,
  "ranks": {
    "hundos": 1,
    "performance": 1,
    "accessibility": 1,
    "cumulative": 1
  },
  "lighthouse": {
    "version": "9.6.2",
    "performance": 0.36,
    "accessibility": 1,
    "bestPractices": 0.83,
    "seo": 1,
    "total": 319
  },
  "firstContentfulPaint": 2802.1639999999998,
  "firstMeaningfulPaint": 2802.1639999999998,
  "speedIndex": 5289.685638811996,
  "largestContentfulPaint": 8684.883999999998,
  "totalBlockingTime": 1498.4785000000002,
  "cumulativeLayoutShift": 0.01975552707248264,
  "timeToInteractive": 7323.717499999999,
  "maxPotentialFirstInputDelay": 762,
  "timeToFirstByte": 550.004,
  "weight": {
    "summary": "40 requests • 1,286 KiB",
    "total": 1317010,
    "image": 491829,
    "imageCount": 20,
    "script": 536416,
    "scriptCount": 9,
    "document": 151874,
    "font": 34152,
    "fontCount": 1,
    "stylesheet": 14877,
    "stylesheetCount": 3,
    "thirdParty": 55068,
    "thirdPartyCount": 9
  },
  "run": {
    "number": 1,
    "total": 3
  },
  "axe": {
    "passes": 664,
    "violations": 3
  }
}