{
  "url": "https://www.emcasa.com/",
  "requestedUrl": "https://www.emcasa.com/",
  "timestamp": 1652076928786,
  "ranks": {
    "hundos": 1,
    "performance": 1,
    "accessibility": 1,
    "cumulative": 1
  },
  "lighthouse": {
    "version": "9.5.0",
    "performance": 0.41,
    "accessibility": 0.98,
    "bestPractices": 0.83,
    "seo": 1,
    "total": 324
  },
  "firstContentfulPaint": 4590.827,
  "firstMeaningfulPaint": 4590.827,
  "speedIndex": 4590.827,
  "largestContentfulPaint": 4891.473000000001,
  "totalBlockingTime": 1122.8385000000017,
  "cumulativeLayoutShift": 0.002178615993923611,
  "timeToInteractive": 8567.479500000001,
  "maxPotentialFirstInputDelay": 868.0000000000009,
  "timeToFirstByte": 63.397,
  "weight": {
    "summary": "40 requests • 1,008 KiB",
    "total": 1032440,
    "image": 128340,
    "imageCount": 18,
    "script": 616709,
    "scriptCount": 10,
    "document": 151496,
    "font": 34153,
    "fontCount": 1,
    "stylesheet": 14525,
    "stylesheetCount": 3,
    "thirdParty": 138285,
    "thirdPartyCount": 9
  },
  "run": {
    "number": 3,
    "total": 3
  },
  "axe": {
    "passes": 1141,
    "violations": 3
  }
}