{
  "url": "https://www.emcasa.com/",
  "requestedUrl": "https://www.emcasa.com/",
  "timestamp": 1656550495338,
  "ranks": {
    "hundos": 1,
    "performance": 1,
    "accessibility": 1,
    "cumulative": 1
  },
  "lighthouse": {
    "version": "9.6.3",
    "performance": 0.34,
    "accessibility": 1,
    "bestPractices": 0.83,
    "seo": 1,
    "total": 317
  },
  "firstContentfulPaint": 5753.898,
  "firstMeaningfulPaint": 5753.898,
  "speedIndex": 5753.898,
  "largestContentfulPaint": 7736.898,
  "totalBlockingTime": 967,
  "cumulativeLayoutShift": 0.01975552707248264,
  "timeToInteractive": 7673.898,
  "maxPotentialFirstInputDelay": 825,
  "timeToFirstByte": 47.708000000000006,
  "weight": {
    "summary": "40 requests • 1,286 KiB",
    "total": 1316630,
    "image": 491793,
    "imageCount": 20,
    "script": 536550,
    "scriptCount": 9,
    "document": 151399,
    "font": 34152,
    "fontCount": 1,
    "stylesheet": 14876,
    "stylesheetCount": 3,
    "thirdParty": 55062,
    "thirdPartyCount": 9
  },
  "run": {
    "number": 2,
    "total": 3
  },
  "axe": {
    "passes": 1021,
    "violations": 5
  }
}