{
  "url": "https://www.emcasa.com/",
  "requestedUrl": "https://www.emcasa.com/",
  "timestamp": 1656656090568,
  "ranks": {
    "hundos": 1,
    "performance": 1,
    "accessibility": 1,
    "cumulative": 1
  },
  "lighthouse": {
    "version": "9.6.3",
    "performance": 0.39,
    "accessibility": 0.97,
    "bestPractices": 0.83,
    "seo": 1,
    "total": 322
  },
  "firstContentfulPaint": 3087.525,
  "firstMeaningfulPaint": 3087.525,
  "speedIndex": 4620.975148779641,
  "largestContentfulPaint": 8210.595,
  "totalBlockingTime": 1096.999999999999,
  "cumulativeLayoutShift": 0.01975552707248264,
  "timeToInteractive": 8091.9,
  "maxPotentialFirstInputDelay": 786,
  "timeToFirstByte": 539.022,
  "weight": {
    "summary": "49 requests • 1,384 KiB",
    "total": 1416859,
    "image": 491823,
    "imageCount": 20,
    "script": 636091,
    "scriptCount": 17,
    "document": 151873,
    "font": 34153,
    "fontCount": 1,
    "stylesheet": 14888,
    "stylesheetCount": 3,
    "thirdParty": 154196,
    "thirdPartyCount": 18
  },
  "run": {
    "number": 1,
    "total": 3
  },
  "axe": {
    "passes": 664,
    "violations": 3
  }
}