{
  "url": "https://www.emcasa.com/",
  "requestedUrl": "https://www.emcasa.com/",
  "timestamp": 1648793628032,
  "ranks": {
    "hundos": 1,
    "performance": 1,
    "accessibility": 1,
    "cumulative": 1
  },
  "lighthouse": {
    "version": "9.5.0",
    "performance": 0.34,
    "accessibility": 0.98,
    "bestPractices": 0.92,
    "seo": 1,
    "total": 326
  },
  "firstContentfulPaint": 5368.253000000001,
  "firstMeaningfulPaint": 5368.253000000001,
  "speedIndex": 5894.714740097945,
  "largestContentfulPaint": 5368.253000000001,
  "totalBlockingTime": 1391.000000000001,
  "cumulativeLayoutShift": 0.002178615993923611,
  "timeToInteractive": 8533.253,
  "maxPotentialFirstInputDelay": 631,
  "timeToFirstByte": 80.72199999999998,
  "weight": {
    "summary": "38 requests • 928 KiB",
    "total": 950688,
    "image": 126500,
    "imageCount": 16,
    "script": 548741,
    "scriptCount": 10,
    "document": 144848,
    "font": 34151,
    "fontCount": 1,
    "stylesheet": 13552,
    "stylesheetCount": 3,
    "thirdParty": 73532,
    "thirdPartyCount": 8
  },
  "run": {
    "number": 1,
    "total": 3
  },
  "axe": {
    "passes": 1000,
    "violations": 3
  }
}