{
  "url": "https://www.emcasa.com/",
  "requestedUrl": "https://www.emcasa.com/",
  "timestamp": 1656008062522,
  "ranks": {
    "hundos": 1,
    "performance": 1,
    "accessibility": 1,
    "cumulative": 1
  },
  "lighthouse": {
    "version": "9.6.2",
    "performance": 0.5,
    "accessibility": 1,
    "bestPractices": 0.83,
    "seo": 1,
    "total": 333
  },
  "firstContentfulPaint": 2870.003,
  "firstMeaningfulPaint": 2870.003,
  "speedIndex": 3687.6282497152733,
  "largestContentfulPaint": 8031.095,
  "totalBlockingTime": 542,
  "cumulativeLayoutShift": 0.01975552707248264,
  "timeToInteractive": 7567.388,
  "maxPotentialFirstInputDelay": 799,
  "timeToFirstByte": 41.159,
  "weight": {
    "summary": "38 requests • 1,284 KiB",
    "total": 1315245,
    "image": 491777,
    "imageCount": 20,
    "script": 534573,
    "scriptCount": 7,
    "document": 152045,
    "font": 34151,
    "fontCount": 1,
    "stylesheet": 14842,
    "stylesheetCount": 3,
    "thirdParty": 55056,
    "thirdPartyCount": 7
  },
  "run": {
    "number": 3,
    "total": 3
  },
  "axe": {
    "passes": 664,
    "violations": 3
  }
}