{
  "url": "https://www.emcasa.com/",
  "requestedUrl": "https://www.emcasa.com/",
  "timestamp": 1653588883324,
  "ranks": {
    "hundos": 1,
    "performance": 1,
    "accessibility": 1,
    "cumulative": 1
  },
  "lighthouse": {
    "version": "9.6.1",
    "performance": 0.29,
    "accessibility": 0.98,
    "bestPractices": 0.83,
    "seo": 0.99,
    "total": 309
  },
  "firstContentfulPaint": 5798.401000000001,
  "firstMeaningfulPaint": 5798.401000000001,
  "speedIndex": 6083.581052182928,
  "largestContentfulPaint": 7083.030500000002,
  "totalBlockingTime": 1521.7334999999994,
  "cumulativeLayoutShift": 0.002178615993923611,
  "timeToInteractive": 8560.5965,
  "maxPotentialFirstInputDelay": 1128,
  "timeToFirstByte": 548.2289999999999,
  "weight": {
    "summary": "61 requests • 1,196 KiB",
    "total": 1225088,
    "image": 128326,
    "imageCount": 19,
    "script": 808791,
    "scriptCount": 27,
    "document": 151899,
    "font": 34152,
    "fontCount": 1,
    "stylesheet": 14653,
    "stylesheetCount": 3,
    "thirdParty": 329881,
    "thirdPartyCount": 31
  },
  "run": {
    "number": 1,
    "total": 3
  },
  "axe": {
    "passes": 1680,
    "violations": 5
  }
}