{
  "url": "https://www.emcasa.com/",
  "requestedUrl": "https://www.emcasa.com/",
  "timestamp": 1651321083986,
  "ranks": {
    "hundos": 1,
    "performance": 1,
    "accessibility": 1,
    "cumulative": 1
  },
  "lighthouse": {
    "version": "9.5.0",
    "performance": 0.36,
    "accessibility": 0.98,
    "bestPractices": 0.83,
    "seo": 0.99,
    "total": 316
  },
  "firstContentfulPaint": 5508.612000000001,
  "firstMeaningfulPaint": 5508.612000000001,
  "speedIndex": 5508.612000000001,
  "largestContentfulPaint": 5998.758000000001,
  "totalBlockingTime": 1202.5,
  "cumulativeLayoutShift": 0.002178615993923611,
  "timeToInteractive": 6940.404,
  "maxPotentialFirstInputDelay": 901,
  "timeToFirstByte": 56.053000000000004,
  "weight": {
    "summary": "36 requests • 919 KiB",
    "total": 941211,
    "image": 127258,
    "imageCount": 17,
    "script": 530056,
    "scriptCount": 8,
    "document": 149935,
    "font": 34152,
    "fontCount": 1,
    "stylesheet": 14025,
    "stylesheetCount": 3,
    "thirdParty": 54734,
    "thirdPartyCount": 7
  },
  "run": {
    "number": 3,
    "total": 3
  },
  "axe": {
    "passes": 1551,
    "violations": 5
  }
}