{
  "url": "https://www.emcasa.com/",
  "requestedUrl": "https://www.emcasa.com/",
  "timestamp": 1654496069257,
  "ranks": {
    "hundos": 1,
    "performance": 1,
    "accessibility": 1,
    "cumulative": 1
  },
  "lighthouse": {
    "version": "9.6.1",
    "performance": 0.43,
    "accessibility": 0.98,
    "bestPractices": 0.83,
    "seo": 1,
    "total": 326
  },
  "firstContentfulPaint": 4259.862,
  "firstMeaningfulPaint": 4259.862,
  "speedIndex": 4259.862,
  "largestContentfulPaint": 4460.5225,
  "totalBlockingTime": 1398.3580000000002,
  "cumulativeLayoutShift": 0.002178615993923611,
  "timeToInteractive": 8136.355999999999,
  "maxPotentialFirstInputDelay": 641,
  "timeToFirstByte": 36.507999999999996,
  "weight": {
    "summary": "38 requests • 929 KiB",
    "total": 951628,
    "image": 128345,
    "imageCount": 18,
    "script": 535117,
    "scriptCount": 9,
    "document": 151938,
    "font": 34151,
    "fontCount": 1,
    "stylesheet": 14612,
    "stylesheetCount": 3,
    "thirdParty": 55060,
    "thirdPartyCount": 9
  },
  "run": {
    "number": 3,
    "total": 3
  },
  "axe": {
    "passes": 1418,
    "violations": 5
  }
}