{
  "url": "https://www.emcasa.com/",
  "requestedUrl": "https://www.emcasa.com/",
  "timestamp": 1648642733426,
  "ranks": {
    "hundos": 1,
    "performance": 1,
    "accessibility": 1,
    "cumulative": 1
  },
  "lighthouse": {
    "version": "9.5.0",
    "performance": 0.34,
    "accessibility": 0.98,
    "bestPractices": 0.92,
    "seo": 0.99,
    "total": 323
  },
  "firstContentfulPaint": 5487.38,
  "firstMeaningfulPaint": 5487.38,
  "speedIndex": 5487.38,
  "largestContentfulPaint": 6875.881500000001,
  "totalBlockingTime": 1175.9999999999995,
  "cumulativeLayoutShift": 0.002178615993923611,
  "timeToInteractive": 7301.331,
  "maxPotentialFirstInputDelay": 920,
  "timeToFirstByte": 72.232,
  "weight": {
    "summary": "36 requests • 909 KiB",
    "total": 931049,
    "image": 126502,
    "imageCount": 16,
    "script": 529413,
    "scriptCount": 8,
    "document": 144539,
    "font": 34152,
    "fontCount": 1,
    "stylesheet": 13548,
    "stylesheetCount": 3,
    "thirdParty": 53974,
    "thirdPartyCount": 6
  },
  "run": {
    "number": 3,
    "total": 3
  },
  "axe": {
    "passes": 1262,
    "violations": 5
  }
}