{
  "url": "https://www.emcasa.com/",
  "requestedUrl": "https://www.emcasa.com/",
  "timestamp": 1655814460612,
  "ranks": {
    "hundos": 1,
    "performance": 1,
    "accessibility": 1,
    "cumulative": 1
  },
  "lighthouse": {
    "version": "9.6.2",
    "performance": 0.3,
    "accessibility": 1,
    "bestPractices": 0.83,
    "seo": 1,
    "total": 313
  },
  "firstContentfulPaint": 5698.17,
  "firstMeaningfulPaint": 5698.17,
  "speedIndex": 5698.17,
  "largestContentfulPaint": 8390.695,
  "totalBlockingTime": 1419.1294999999996,
  "cumulativeLayoutShift": 0.01975552707248264,
  "timeToInteractive": 8000.191500000001,
  "maxPotentialFirstInputDelay": 1019,
  "timeToFirstByte": 49.70700000000001,
  "weight": {
    "summary": "40 requests • 1,284 KiB",
    "total": 1314376,
    "image": 491804,
    "imageCount": 20,
    "script": 534614,
    "scriptCount": 9,
    "document": 151456,
    "font": 34152,
    "fontCount": 1,
    "stylesheet": 14842,
    "stylesheetCount": 3,
    "thirdParty": 55109,
    "thirdPartyCount": 9
  },
  "run": {
    "number": 2,
    "total": 3
  },
  "axe": {
    "passes": 664,
    "violations": 3
  }
}