{
  "url": "https://www.emcasa.com/",
  "requestedUrl": "https://www.emcasa.com/",
  "timestamp": 1651126643202,
  "ranks": {
    "hundos": 1,
    "performance": 1,
    "accessibility": 1,
    "cumulative": 1
  },
  "lighthouse": {
    "version": "9.5.0",
    "performance": 0.6,
    "accessibility": 1,
    "bestPractices": 0.83,
    "seo": 1,
    "total": 343
  },
  "firstContentfulPaint": 2777.2129999999997,
  "firstMeaningfulPaint": 2777.2129999999997,
  "speedIndex": 3776.842125983396,
  "largestContentfulPaint": 3103.647,
  "totalBlockingTime": 1159.5,
  "cumulativeLayoutShift": 0.002178615993923611,
  "timeToInteractive": 7084.618999999999,
  "maxPotentialFirstInputDelay": 883,
  "timeToFirstByte": 62.77199999999999,
  "weight": {
    "summary": "36 requests • 919 KiB",
    "total": 940839,
    "image": 127265,
    "imageCount": 17,
    "script": 530068,
    "scriptCount": 8,
    "document": 149539,
    "font": 34151,
    "fontCount": 1,
    "stylesheet": 14032,
    "stylesheetCount": 3,
    "thirdParty": 54737,
    "thirdPartyCount": 7
  },
  "run": {
    "number": 2,
    "total": 3
  },
  "axe": {
    "passes": 1066,
    "violations": 3
  }
}