{
  "url": "https://www.emcasa.com/",
  "requestedUrl": "https://www.emcasa.com/",
  "timestamp": 1652509928919,
  "ranks": {
    "hundos": 1,
    "performance": 1,
    "accessibility": 1,
    "cumulative": 1
  },
  "lighthouse": {
    "version": "9.6.1",
    "performance": 0.36,
    "accessibility": 1,
    "bestPractices": 0.83,
    "seo": 1,
    "total": 319
  },
  "firstContentfulPaint": 4933.0160000000005,
  "firstMeaningfulPaint": 4933.0160000000005,
  "speedIndex": 6110.385911738806,
  "largestContentfulPaint": 5233.416000000001,
  "totalBlockingTime": 1326.5,
  "cumulativeLayoutShift": 0.002178615993923611,
  "timeToInteractive": 7491.716000000001,
  "maxPotentialFirstInputDelay": 594,
  "timeToFirstByte": 911.3029999999999,
  "weight": {
    "summary": "39 requests • 926 KiB",
    "total": 947775,
    "image": 128284,
    "imageCount": 18,
    "script": 532817,
    "scriptCount": 10,
    "document": 151124,
    "font": 34152,
    "fontCount": 1,
    "stylesheet": 14524,
    "stylesheetCount": 3,
    "thirdParty": 54804,
    "thirdPartyCount": 9
  },
  "run": {
    "number": 1,
    "total": 3
  },
  "axe": {
    "passes": 1141,
    "violations": 3
  }
}