{
  "url": "https://www.emcasa.com/",
  "requestedUrl": "https://www.emcasa.com/",
  "timestamp": 1656245919465,
  "ranks": {
    "hundos": 1,
    "performance": 1,
    "accessibility": 1,
    "cumulative": 1
  },
  "lighthouse": {
    "version": "9.6.2",
    "performance": 0.28,
    "accessibility": 1,
    "bestPractices": 0.83,
    "seo": 1,
    "total": 311
  },
  "firstContentfulPaint": 5269.136999999999,
  "firstMeaningfulPaint": 5269.136999999999,
  "speedIndex": 5269.136999999999,
  "largestContentfulPaint": 8287.655,
  "totalBlockingTime": 1925.9630000000025,
  "cumulativeLayoutShift": 0.01975552707248264,
  "timeToInteractive": 8380.544000000002,
  "maxPotentialFirstInputDelay": 973,
  "timeToFirstByte": 22.755,
  "weight": {
    "summary": "48 requests • 1,363 KiB",
    "total": 1395694,
    "image": 491792,
    "imageCount": 20,
    "script": 615482,
    "scriptCount": 17,
    "document": 151521,
    "font": 34152,
    "fontCount": 1,
    "stylesheet": 14885,
    "stylesheetCount": 3,
    "thirdParty": 134108,
    "thirdPartyCount": 17
  },
  "run": {
    "number": 3,
    "total": 3
  },
  "axe": {
    "passes": 664,
    "violations": 3
  }
}