{
  "url": "https://www.emcasa.com/",
  "requestedUrl": "https://www.emcasa.com/",
  "timestamp": 1652444820692,
  "ranks": {
    "hundos": 1,
    "performance": 1,
    "accessibility": 1,
    "cumulative": 1
  },
  "lighthouse": {
    "version": "9.6.1",
    "performance": 0.35,
    "accessibility": 0.98,
    "bestPractices": 0.83,
    "seo": 1,
    "total": 316
  },
  "firstContentfulPaint": 5919.228,
  "firstMeaningfulPaint": 5919.228,
  "speedIndex": 5919.228,
  "largestContentfulPaint": 6682.7429999999995,
  "totalBlockingTime": 1025.6485000000002,
  "cumulativeLayoutShift": 0.002178615993923611,
  "timeToInteractive": 7774.906500000001,
  "maxPotentialFirstInputDelay": 847,
  "timeToFirstByte": 58.81999999999999,
  "weight": {
    "summary": "38 requests • 926 KiB",
    "total": 948521,
    "image": 128310,
    "imageCount": 18,
    "script": 533029,
    "scriptCount": 8,
    "document": 151337,
    "font": 34152,
    "fontCount": 1,
    "stylesheet": 14517,
    "stylesheetCount": 3,
    "thirdParty": 54732,
    "thirdPartyCount": 7
  },
  "run": {
    "number": 3,
    "total": 3
  },
  "axe": {
    "passes": 1189,
    "violations": 3
  }
}