{
  "url": "https://www.emcasa.com/",
  "requestedUrl": "https://www.emcasa.com/",
  "timestamp": 1656896605109,
  "ranks": {
    "hundos": 1,
    "performance": 1,
    "accessibility": 1,
    "cumulative": 1
  },
  "lighthouse": {
    "version": "9.6.3",
    "performance": 0.38,
    "accessibility": 1,
    "bestPractices": 0.83,
    "seo": 1,
    "total": 321
  },
  "firstContentfulPaint": 5574.105000000001,
  "firstMeaningfulPaint": 5574.105000000001,
  "speedIndex": 6911.700740631684,
  "largestContentfulPaint": 8189.694000000001,
  "totalBlockingTime": 614.0000000000005,
  "cumulativeLayoutShift": 0.01975552707248264,
  "timeToInteractive": 8480.751500000002,
  "maxPotentialFirstInputDelay": 893.0000000000009,
  "timeToFirstByte": 1003.7270000000001,
  "weight": {
    "summary": "40 requests • 1,287 KiB",
    "total": 1317738,
    "image": 491813,
    "imageCount": 20,
    "script": 536588,
    "scriptCount": 9,
    "document": 152281,
    "font": 34152,
    "fontCount": 1,
    "stylesheet": 14876,
    "stylesheetCount": 3,
    "thirdParty": 55067,
    "thirdPartyCount": 9
  },
  "run": {
    "number": 1,
    "total": 3
  },
  "axe": {
    "passes": 664,
    "violations": 3
  }
}