{
  "url": "https://www.emcasa.com/",
  "requestedUrl": "https://www.emcasa.com/",
  "timestamp": 1653049235664,
  "ranks": {
    "hundos": 1,
    "performance": 1,
    "accessibility": 1,
    "cumulative": 1
  },
  "lighthouse": {
    "version": "9.6.1",
    "performance": 0.42,
    "accessibility": 0.98,
    "bestPractices": 0.83,
    "seo": 0.99,
    "total": 322
  },
  "firstContentfulPaint": 2917.863,
  "firstMeaningfulPaint": 2917.863,
  "speedIndex": 3480.334583968442,
  "largestContentfulPaint": 6691.919499999998,
  "totalBlockingTime": 1165.4115000000002,
  "cumulativeLayoutShift": 0.002178615993923611,
  "timeToInteractive": 7536.168499999999,
  "maxPotentialFirstInputDelay": 886,
  "timeToFirstByte": 25.792,
  "weight": {
    "summary": "39 requests • 928 KiB",
    "total": 950047,
    "image": 128331,
    "imageCount": 18,
    "script": 534889,
    "scriptCount": 10,
    "document": 151147,
    "font": 34152,
    "fontCount": 1,
    "stylesheet": 14653,
    "stylesheetCount": 3,
    "thirdParty": 54736,
    "thirdPartyCount": 9
  },
  "run": {
    "number": 2,
    "total": 3
  },
  "axe": {
    "passes": 1418,
    "violations": 5
  }
}