{
  "url": "https://www.emcasa.com/",
  "requestedUrl": "https://www.emcasa.com/",
  "timestamp": 1653545711734,
  "ranks": {
    "hundos": 1,
    "performance": 1,
    "accessibility": 1,
    "cumulative": 1
  },
  "lighthouse": {
    "version": "9.6.1",
    "performance": 0.41,
    "accessibility": 0.98,
    "bestPractices": 0.83,
    "seo": 0.99,
    "total": 321
  },
  "firstContentfulPaint": 2829.4510000000005,
  "firstMeaningfulPaint": 2829.4510000000005,
  "speedIndex": 3500.315440277552,
  "largestContentfulPaint": 6612.119499999999,
  "totalBlockingTime": 1382.999999999999,
  "cumulativeLayoutShift": 0.002178615993923611,
  "timeToInteractive": 7648.824999999999,
  "maxPotentialFirstInputDelay": 954.9999999999991,
  "timeToFirstByte": 32.962,
  "weight": {
    "summary": "39 requests • 928 KiB",
    "total": 950197,
    "image": 128316,
    "imageCount": 18,
    "script": 534606,
    "scriptCount": 10,
    "document": 151218,
    "font": 34152,
    "fontCount": 1,
    "stylesheet": 14652,
    "stylesheetCount": 3,
    "thirdParty": 55063,
    "thirdPartyCount": 9
  },
  "run": {
    "number": 3,
    "total": 3
  },
  "axe": {
    "passes": 1418,
    "violations": 5
  }
}