{
  "url": "https://www.emcasa.com/",
  "requestedUrl": "https://www.emcasa.com/",
  "timestamp": 1654841620952,
  "ranks": {
    "hundos": 1,
    "performance": 1,
    "accessibility": 1,
    "cumulative": 1
  },
  "lighthouse": {
    "version": "9.6.2",
    "performance": 0.27,
    "accessibility": 1,
    "bestPractices": 0.83,
    "seo": 1,
    "total": 310
  },
  "firstContentfulPaint": 5976.0470000000005,
  "firstMeaningfulPaint": 5976.0470000000005,
  "speedIndex": 6761.022026315076,
  "largestContentfulPaint": 9271.056,
  "totalBlockingTime": 1380.499999999999,
  "cumulativeLayoutShift": 0.01975552707248264,
  "timeToInteractive": 9674.741000000002,
  "maxPotentialFirstInputDelay": 1129,
  "timeToFirstByte": 65.50199999999998,
  "weight": {
    "summary": "41 requests • 1,283 KiB",
    "total": 1314070,
    "image": 491803,
    "imageCount": 20,
    "script": 534532,
    "scriptCount": 9,
    "document": 150995,
    "font": 34153,
    "fontCount": 1,
    "stylesheet": 14786,
    "stylesheetCount": 3,
    "thirdParty": 55109,
    "thirdPartyCount": 9
  },
  "run": {
    "number": 1,
    "total": 3
  },
  "axe": {
    "passes": 776,
    "violations": 3
  }
}