{
  "url": "https://www.emcasa.com/",
  "requestedUrl": "https://www.emcasa.com/",
  "timestamp": 1655792020541,
  "ranks": {
    "hundos": 1,
    "performance": 1,
    "accessibility": 1,
    "cumulative": 1
  },
  "lighthouse": {
    "version": "9.6.2",
    "performance": 0.33,
    "accessibility": 1,
    "bestPractices": 0.83,
    "seo": 1,
    "total": 316
  },
  "firstContentfulPaint": 5062.588,
  "firstMeaningfulPaint": 5444.617,
  "speedIndex": 5062.588,
  "largestContentfulPaint": 8307.225999999999,
  "totalBlockingTime": 1279.7355000000016,
  "cumulativeLayoutShift": 0.01975552707248264,
  "timeToInteractive": 7515.142500000001,
  "maxPotentialFirstInputDelay": 710,
  "timeToFirstByte": 30.879000000000005,
  "weight": {
    "summary": "48 requests • 1,360 KiB",
    "total": 1393070,
    "image": 491820,
    "imageCount": 20,
    "script": 613345,
    "scriptCount": 17,
    "document": 151410,
    "font": 34152,
    "fontCount": 1,
    "stylesheet": 14837,
    "stylesheetCount": 3,
    "thirdParty": 133888,
    "thirdPartyCount": 17
  },
  "run": {
    "number": 1,
    "total": 3
  },
  "axe": {
    "passes": 776,
    "violations": 3
  }
}