{
  "url": "https://www.emcasa.com/",
  "requestedUrl": "https://www.emcasa.com/",
  "timestamp": 1649983860779,
  "ranks": {
    "hundos": 1,
    "performance": 1,
    "accessibility": 1,
    "cumulative": 1
  },
  "lighthouse": {
    "version": "9.5.0",
    "performance": 0.3,
    "accessibility": 0.98,
    "bestPractices": 0.92,
    "seo": 0.99,
    "total": 319
  },
  "firstContentfulPaint": 5817.977,
  "firstMeaningfulPaint": 5817.977,
  "speedIndex": 5817.977,
  "largestContentfulPaint": 7184.023999999999,
  "totalBlockingTime": 1550.5100000000002,
  "cumulativeLayoutShift": 0.002178615993923611,
  "timeToInteractive": 7568.487,
  "maxPotentialFirstInputDelay": 1194,
  "timeToFirstByte": 55.087,
  "weight": {
    "summary": "36 requests • 918 KiB",
    "total": 939979,
    "image": 127266,
    "imageCount": 17,
    "script": 529886,
    "scriptCount": 8,
    "document": 149323,
    "font": 34152,
    "fontCount": 1,
    "stylesheet": 14024,
    "stylesheetCount": 3,
    "thirdParty": 54735,
    "thirdPartyCount": 7
  },
  "run": {
    "number": 3,
    "total": 3
  },
  "axe": {
    "passes": 1551,
    "violations": 5
  }
}