{
  "url": "https://www.emcasa.com/",
  "requestedUrl": "https://www.emcasa.com/",
  "timestamp": 1656353727510,
  "ranks": {
    "hundos": 1,
    "performance": 1,
    "accessibility": 1,
    "cumulative": 1
  },
  "lighthouse": {
    "version": "9.6.2",
    "performance": 0.46,
    "accessibility": 1,
    "bestPractices": 0.83,
    "seo": 1,
    "total": 329
  },
  "firstContentfulPaint": 2742.36,
  "firstMeaningfulPaint": 2742.36,
  "speedIndex": 5059.0229337223645,
  "largestContentfulPaint": 7897.900999999999,
  "totalBlockingTime": 588.4999999999991,
  "cumulativeLayoutShift": 0.01875,
  "timeToInteractive": 8817.223499999998,
  "maxPotentialFirstInputDelay": 764.9999999999982,
  "timeToFirstByte": 713.972,
  "weight": {
    "summary": "49 requests • 1,383 KiB",
    "total": 1415756,
    "image": 491855,
    "imageCount": 20,
    "script": 635117,
    "scriptCount": 17,
    "document": 151888,
    "font": 34152,
    "fontCount": 1,
    "stylesheet": 14882,
    "stylesheetCount": 3,
    "thirdParty": 153651,
    "thirdPartyCount": 18
  },
  "run": {
    "number": 1,
    "total": 3
  },
  "axe": {
    "passes": 776,
    "violations": 3
  }
}