{
  "url": "https://www.emcasa.com/",
  "requestedUrl": "https://www.emcasa.com/",
  "timestamp": 1653526779494,
  "ranks": {
    "hundos": 1,
    "performance": 1,
    "accessibility": 1,
    "cumulative": 1
  },
  "lighthouse": {
    "version": "9.6.1",
    "performance": 0.43,
    "accessibility": 0.98,
    "bestPractices": 0.83,
    "seo": 1,
    "total": 326
  },
  "firstContentfulPaint": 4402.179,
  "firstMeaningfulPaint": 4402.179,
  "speedIndex": 4402.179,
  "largestContentfulPaint": 4889.967000000001,
  "totalBlockingTime": 1191.9999999999995,
  "cumulativeLayoutShift": 0.002178615993923611,
  "timeToInteractive": 7050.947,
  "maxPotentialFirstInputDelay": 865.9999999999991,
  "timeToFirstByte": 56.672,
  "weight": {
    "summary": "37 requests • 928 KiB",
    "total": 950212,
    "image": 128308,
    "imageCount": 18,
    "script": 534652,
    "scriptCount": 8,
    "document": 151185,
    "font": 34152,
    "fontCount": 1,
    "stylesheet": 14663,
    "stylesheetCount": 3,
    "thirdParty": 55067,
    "thirdPartyCount": 7
  },
  "run": {
    "number": 2,
    "total": 3
  },
  "axe": {
    "passes": 1141,
    "violations": 3
  }
}