{
  "url": "https://www.emcasa.com/",
  "requestedUrl": "https://www.emcasa.com/",
  "timestamp": 1653243204949,
  "ranks": {
    "hundos": 1,
    "performance": 1,
    "accessibility": 1,
    "cumulative": 1
  },
  "lighthouse": {
    "version": "9.6.1",
    "performance": 0.33,
    "accessibility": 0.98,
    "bestPractices": 0.83,
    "seo": 1,
    "total": 316
  },
  "firstContentfulPaint": 5263.818,
  "firstMeaningfulPaint": 5263.818,
  "speedIndex": 5263.818,
  "largestContentfulPaint": 5713.818,
  "totalBlockingTime": 1699.999999999999,
  "cumulativeLayoutShift": 0.002178615993923611,
  "timeToInteractive": 8388.318,
  "maxPotentialFirstInputDelay": 879,
  "timeToFirstByte": 18.171,
  "weight": {
    "summary": "40 requests • 1,028 KiB",
    "total": 1052730,
    "image": 128309,
    "imageCount": 18,
    "script": 637468,
    "scriptCount": 10,
    "document": 151219,
    "font": 34153,
    "fontCount": 1,
    "stylesheet": 14659,
    "stylesheetCount": 3,
    "thirdParty": 157760,
    "thirdPartyCount": 10
  },
  "run": {
    "number": 2,
    "total": 3
  },
  "axe": {
    "passes": 1141,
    "violations": 3
  }
}