{
  "url": "https://www.emcasa.com/",
  "requestedUrl": "https://www.emcasa.com/",
  "timestamp": 1650716256975,
  "ranks": {
    "hundos": 1,
    "performance": 1,
    "accessibility": 1,
    "cumulative": 1
  },
  "lighthouse": {
    "version": "9.5.0",
    "performance": 0.36,
    "accessibility": 0.98,
    "bestPractices": 0.83,
    "seo": 0.99,
    "total": 316
  },
  "firstContentfulPaint": 5571.416000000001,
  "firstMeaningfulPaint": 5571.416000000001,
  "speedIndex": 5571.416000000001,
  "largestContentfulPaint": 6697.059000000001,
  "totalBlockingTime": 1050.9204999999997,
  "cumulativeLayoutShift": 0.002178615993923611,
  "timeToInteractive": 6914.290500000001,
  "maxPotentialFirstInputDelay": 837,
  "timeToFirstByte": 50.772,
  "weight": {
    "summary": "36 requests • 918 KiB",
    "total": 940111,
    "image": 127245,
    "imageCount": 17,
    "script": 530077,
    "scriptCount": 8,
    "document": 149267,
    "font": 34152,
    "fontCount": 1,
    "stylesheet": 14036,
    "stylesheetCount": 3,
    "thirdParty": 54738,
    "thirdPartyCount": 7
  },
  "run": {
    "number": 2,
    "total": 3
  },
  "axe": {
    "passes": 1295,
    "violations": 5
  }
}