{
  "url": "https://www.emcasa.com/",
  "requestedUrl": "https://www.emcasa.com/",
  "timestamp": 1655641069312,
  "ranks": {
    "hundos": 1,
    "performance": 1,
    "accessibility": 1,
    "cumulative": 1
  },
  "lighthouse": {
    "version": "9.6.2",
    "performance": 0.34,
    "accessibility": 1,
    "bestPractices": 0.83,
    "seo": 1,
    "total": 317
  },
  "firstContentfulPaint": 6106.686,
  "firstMeaningfulPaint": 6106.686,
  "speedIndex": 6725.228758416559,
  "largestContentfulPaint": 8395.016,
  "totalBlockingTime": 791.5,
  "cumulativeLayoutShift": 0.01975552707248264,
  "timeToInteractive": 8838.605,
  "maxPotentialFirstInputDelay": 637,
  "timeToFirstByte": 78.45500000000001,
  "weight": {
    "summary": "40 requests • 1,283 KiB",
    "total": 1314270,
    "image": 491803,
    "imageCount": 20,
    "script": 534572,
    "scriptCount": 9,
    "document": 151385,
    "font": 34151,
    "fontCount": 1,
    "stylesheet": 14852,
    "stylesheetCount": 3,
    "thirdParty": 55107,
    "thirdPartyCount": 9
  },
  "run": {
    "number": 1,
    "total": 3
  },
  "axe": {
    "passes": 664,
    "violations": 3
  }
}