{
  "url": "https://www.emcasa.com/",
  "requestedUrl": "https://www.emcasa.com/",
  "timestamp": 1650457206622,
  "ranks": {
    "hundos": 1,
    "performance": 1,
    "accessibility": 1,
    "cumulative": 1
  },
  "lighthouse": {
    "version": "9.5.0",
    "performance": 0.54,
    "accessibility": 1,
    "bestPractices": 0.83,
    "seo": 1,
    "total": 337
  },
  "firstContentfulPaint": 2642.861,
  "firstMeaningfulPaint": 2642.861,
  "speedIndex": 3794.7167254687183,
  "largestContentfulPaint": 3070.322,
  "totalBlockingTime": 1856.7565000000004,
  "cumulativeLayoutShift": 0.002178615993923611,
  "timeToInteractive": 9676.93,
  "maxPotentialFirstInputDelay": 1131,
  "timeToFirstByte": 22.381,
  "weight": {
    "summary": "60 requests • 1,174 KiB",
    "total": 1201845,
    "image": 127300,
    "imageCount": 18,
    "script": 791044,
    "scriptCount": 26,
    "document": 149972,
    "font": 34151,
    "fontCount": 1,
    "stylesheet": 14024,
    "stylesheetCount": 3,
    "thirdParty": 315997,
    "thirdPartyCount": 31
  },
  "run": {
    "number": 1,
    "total": 3
  },
  "axe": {
    "passes": 1018,
    "violations": 3
  }
}