{
  "url": "https://www.emcasa.com/",
  "requestedUrl": "https://www.emcasa.com/",
  "timestamp": 1654711988021,
  "ranks": {
    "hundos": 1,
    "performance": 1,
    "accessibility": 1,
    "cumulative": 1
  },
  "lighthouse": {
    "version": "9.6.1",
    "performance": 0.31,
    "accessibility": 0.98,
    "bestPractices": 0.83,
    "seo": 0.99,
    "total": 311
  },
  "firstContentfulPaint": 5970.148999999999,
  "firstMeaningfulPaint": 5970.148999999999,
  "speedIndex": 7017.14392782673,
  "largestContentfulPaint": 8024.819000000001,
  "totalBlockingTime": 1021.3640000000005,
  "cumulativeLayoutShift": 0.002178615993923611,
  "timeToInteractive": 8180.465,
  "maxPotentialFirstInputDelay": 966.0000000000009,
  "timeToFirstByte": 151.98200000000003,
  "weight": {
    "summary": "37 requests • 930 KiB",
    "total": 952308,
    "image": 128322,
    "imageCount": 18,
    "script": 535206,
    "scriptCount": 7,
    "document": 152240,
    "font": 34153,
    "fontCount": 1,
    "stylesheet": 14622,
    "stylesheetCount": 3,
    "thirdParty": 55121,
    "thirdPartyCount": 7
  },
  "run": {
    "number": 1,
    "total": 2
  },
  "axe": {
    "passes": 1418,
    "violations": 5
  }
}