{
  "url": "https://www.emcasa.com/",
  "requestedUrl": "https://www.emcasa.com/",
  "timestamp": 1653481446852,
  "ranks": {
    "hundos": 1,
    "performance": 1,
    "accessibility": 1,
    "cumulative": 1
  },
  "lighthouse": {
    "version": "9.6.1",
    "performance": 0.57,
    "accessibility": 1,
    "bestPractices": 0.83,
    "seo": 1,
    "total": 340
  },
  "firstContentfulPaint": 2738.044,
  "firstMeaningfulPaint": 2738.044,
  "speedIndex": 3624.3723285949304,
  "largestContentfulPaint": 2888.044,
  "totalBlockingTime": 1924,
  "cumulativeLayoutShift": 0.002178615993923611,
  "timeToInteractive": 7628.044,
  "maxPotentialFirstInputDelay": 834,
  "timeToFirstByte": 54.456,
  "weight": {
    "summary": "39 requests • 928 KiB",
    "total": 950367,
    "image": 128343,
    "imageCount": 18,
    "script": 534434,
    "scriptCount": 10,
    "document": 151861,
    "font": 34153,
    "fontCount": 1,
    "stylesheet": 14663,
    "stylesheetCount": 3,
    "thirdParty": 54774,
    "thirdPartyCount": 9
  },
  "run": {
    "number": 3,
    "total": 3
  },
  "axe": {
    "passes": 1418,
    "violations": 5
  }
}