{
  "url": "https://www.emcasa.com/",
  "requestedUrl": "https://www.emcasa.com/",
  "timestamp": 1653675270601,
  "ranks": {
    "hundos": 1,
    "performance": 1,
    "accessibility": 1,
    "cumulative": 1
  },
  "lighthouse": {
    "version": "9.6.1",
    "performance": 0.44,
    "accessibility": 0.98,
    "bestPractices": 0.83,
    "seo": 1,
    "total": 327
  },
  "firstContentfulPaint": 4376.979,
  "firstMeaningfulPaint": 4376.979,
  "speedIndex": 4376.979,
  "largestContentfulPaint": 4677.8150000000005,
  "totalBlockingTime": 1158.7910000000002,
  "cumulativeLayoutShift": 0.002178615993923611,
  "timeToInteractive": 7586.204,
  "maxPotentialFirstInputDelay": 840,
  "timeToFirstByte": 32.077000000000005,
  "weight": {
    "summary": "39 requests • 928 KiB",
    "total": 950175,
    "image": 128293,
    "imageCount": 18,
    "script": 534617,
    "scriptCount": 10,
    "document": 151213,
    "font": 34152,
    "fontCount": 1,
    "stylesheet": 14653,
    "stylesheetCount": 3,
    "thirdParty": 55061,
    "thirdPartyCount": 9
  },
  "run": {
    "number": 3,
    "total": 3
  },
  "axe": {
    "passes": 1141,
    "violations": 3
  }
}