{
  "url": "https://www.emcasa.com/",
  "requestedUrl": "https://www.emcasa.com/",
  "timestamp": 1649052868558,
  "ranks": {
    "hundos": 1,
    "performance": 1,
    "accessibility": 1,
    "cumulative": 1
  },
  "lighthouse": {
    "version": "9.5.0",
    "performance": 0.33,
    "accessibility": 1,
    "bestPractices": 0.92,
    "seo": 1,
    "total": 325
  },
  "firstContentfulPaint": 2998.147,
  "firstMeaningfulPaint": 2998.147,
  "speedIndex": 5066.137609642514,
  "largestContentfulPaint": 7952.6320000000005,
  "totalBlockingTime": 1883,
  "cumulativeLayoutShift": 0.002178615993923611,
  "timeToInteractive": 8969.147,
  "maxPotentialFirstInputDelay": 1544,
  "timeToFirstByte": 54.748,
  "weight": {
    "summary": "38 requests • 909 KiB",
    "total": 930881,
    "image": 126495,
    "imageCount": 16,
    "script": 529344,
    "scriptCount": 10,
    "document": 144455,
    "font": 34151,
    "fontCount": 1,
    "stylesheet": 13542,
    "stylesheetCount": 3,
    "thirdParty": 53972,
    "thirdPartyCount": 8
  },
  "run": {
    "number": 3,
    "total": 3
  },
  "axe": {
    "passes": 1262,
    "violations": 5
  }
}