{
  "url": "https://www.emcasa.com/",
  "requestedUrl": "https://www.emcasa.com/",
  "timestamp": 1655209454932,
  "ranks": {
    "hundos": 1,
    "performance": 1,
    "accessibility": 1,
    "cumulative": 1
  },
  "lighthouse": {
    "version": "9.6.2",
    "performance": 0.4,
    "accessibility": 1,
    "bestPractices": 0.83,
    "seo": 1,
    "total": 323
  },
  "firstContentfulPaint": 5445.995,
  "firstMeaningfulPaint": 5445.995,
  "speedIndex": 5726.285560848129,
  "largestContentfulPaint": 8386.519999999999,
  "totalBlockingTime": 582.5,
  "cumulativeLayoutShift": 0.01975552707248264,
  "timeToInteractive": 9259.367499999998,
  "maxPotentialFirstInputDelay": 826,
  "timeToFirstByte": 47.603,
  "weight": {
    "summary": "49 requests • 1,379 KiB",
    "total": 1412513,
    "image": 491909,
    "imageCount": 20,
    "script": 632918,
    "scriptCount": 17,
    "document": 150883,
    "font": 34150,
    "fontCount": 1,
    "stylesheet": 14850,
    "stylesheetCount": 3,
    "thirdParty": 153363,
    "thirdPartyCount": 17
  },
  "run": {
    "number": 3,
    "total": 3
  },
  "axe": {
    "passes": 664,
    "violations": 3
  }
}