{
  "url": "https://www.emcasa.com/",
  "requestedUrl": "https://www.emcasa.com/",
  "timestamp": 1651774416954,
  "ranks": {
    "hundos": 1,
    "performance": 1,
    "accessibility": 1,
    "cumulative": 1
  },
  "lighthouse": {
    "version": "9.5.0",
    "performance": 0.56,
    "accessibility": 1,
    "bestPractices": 0.83,
    "seo": 1,
    "total": 339
  },
  "firstContentfulPaint": 2668.391,
  "firstMeaningfulPaint": 2668.391,
  "speedIndex": 4672.353143008197,
  "largestContentfulPaint": 2668.391,
  "totalBlockingTime": 1328.0620000000044,
  "cumulativeLayoutShift": 0.002178615993923611,
  "timeToInteractive": 11786.353000000003,
  "maxPotentialFirstInputDelay": 894.0000000000036,
  "timeToFirstByte": 37.43400000000001,
  "weight": {
    "summary": "89 requests • 1,414 KiB",
    "total": 1447800,
    "image": 128469,
    "imageCount": 24,
    "script": 1028222,
    "scriptCount": 40,
    "document": 151954,
    "font": 34151,
    "fontCount": 1,
    "stylesheet": 14524,
    "stylesheetCount": 3,
    "thirdParty": 557260,
    "thirdPartyCount": 60
  },
  "run": {
    "number": 1,
    "total": 3
  },
  "axe": {
    "passes": 1667,
    "violations": 5
  }
}