{
  "url": "https://www.emcasa.com/",
  "requestedUrl": "https://www.emcasa.com/",
  "timestamp": 1649593015120,
  "ranks": {
    "hundos": 1,
    "performance": 1,
    "accessibility": 1,
    "cumulative": 1
  },
  "lighthouse": {
    "version": "9.5.0",
    "performance": 0.33,
    "accessibility": 0.98,
    "bestPractices": 0.92,
    "seo": 1,
    "total": 325
  },
  "firstContentfulPaint": 5595.65,
  "firstMeaningfulPaint": 5595.65,
  "speedIndex": 5595.65,
  "largestContentfulPaint": 7173.1005,
  "totalBlockingTime": 1094.999999999999,
  "cumulativeLayoutShift": 0.002178615993923611,
  "timeToInteractive": 8144.018,
  "maxPotentialFirstInputDelay": 836,
  "timeToFirstByte": 65.08699999999999,
  "weight": {
    "summary": "39 requests • 914 KiB",
    "total": 935840,
    "image": 127259,
    "imageCount": 17,
    "script": 530016,
    "scriptCount": 10,
    "document": 146379,
    "font": 34152,
    "fontCount": 1,
    "stylesheet": 14015,
    "stylesheetCount": 3,
    "thirdParty": 54735,
    "thirdPartyCount": 9
  },
  "run": {
    "number": 3,
    "total": 3
  },
  "axe": {
    "passes": 1516,
    "violations": 5
  }
}