{
  "url": "https://www.emcasa.com/",
  "requestedUrl": "https://www.emcasa.com/",
  "timestamp": 1653200045535,
  "ranks": {
    "hundos": 1,
    "performance": 1,
    "accessibility": 1,
    "cumulative": 1
  },
  "lighthouse": {
    "version": "9.6.1",
    "performance": 0.36,
    "accessibility": 0.98,
    "bestPractices": 0.83,
    "seo": 0.99,
    "total": 316
  },
  "firstContentfulPaint": 2944.7560000000003,
  "firstMeaningfulPaint": 2944.7560000000003,
  "speedIndex": 3896.2518145368517,
  "largestContentfulPaint": 6913.827000000001,
  "totalBlockingTime": 1916.7095000000018,
  "cumulativeLayoutShift": 0.002178615993923611,
  "timeToInteractive": 8686.990500000004,
  "maxPotentialFirstInputDelay": 1259.000000000001,
  "timeToFirstByte": 22.855999999999995,
  "weight": {
    "summary": "40 requests • 1,028 KiB",
    "total": 1052983,
    "image": 128304,
    "imageCount": 18,
    "script": 637483,
    "scriptCount": 10,
    "document": 151482,
    "font": 34151,
    "fontCount": 1,
    "stylesheet": 14651,
    "stylesheetCount": 3,
    "thirdParty": 157719,
    "thirdPartyCount": 10
  },
  "run": {
    "number": 1,
    "total": 3
  },
  "axe": {
    "passes": 1680,
    "violations": 5
  }
}