{
  "url": "https://www.emcasa.com/",
  "requestedUrl": "https://www.emcasa.com/",
  "timestamp": 1655168618507,
  "ranks": {
    "hundos": 1,
    "performance": 1,
    "accessibility": 1,
    "cumulative": 1
  },
  "lighthouse": {
    "version": "9.6.2",
    "performance": 0.33,
    "accessibility": 1,
    "bestPractices": 0.83,
    "seo": 1,
    "total": 316
  },
  "firstContentfulPaint": 4491.3279999999995,
  "firstMeaningfulPaint": 4491.3279999999995,
  "speedIndex": 6048.971753340421,
  "largestContentfulPaint": 8649.153999999999,
  "totalBlockingTime": 1051.500000000001,
  "cumulativeLayoutShift": 0.01975552707248264,
  "timeToInteractive": 8290.66,
  "maxPotentialFirstInputDelay": 744,
  "timeToFirstByte": 84.685,
  "weight": {
    "summary": "41 requests • 1,284 KiB",
    "total": 1314497,
    "image": 491799,
    "imageCount": 20,
    "script": 534600,
    "scriptCount": 9,
    "document": 151309,
    "font": 34152,
    "fontCount": 1,
    "stylesheet": 14838,
    "stylesheetCount": 3,
    "thirdParty": 55063,
    "thirdPartyCount": 9
  },
  "run": {
    "number": 1,
    "total": 3
  },
  "axe": {
    "passes": 664,
    "violations": 3
  }
}