{
  "url": "https://www.emcasa.com/",
  "requestedUrl": "https://www.emcasa.com/",
  "timestamp": 1655081881455,
  "ranks": {
    "hundos": 1,
    "performance": 1,
    "accessibility": 1,
    "cumulative": 1
  },
  "lighthouse": {
    "version": "9.6.2",
    "performance": 0.42,
    "accessibility": 1,
    "bestPractices": 0.83,
    "seo": 1,
    "total": 325
  },
  "firstContentfulPaint": 5616.843,
  "firstMeaningfulPaint": 5616.843,
  "speedIndex": 5616.843,
  "largestContentfulPaint": 7883.1630000000005,
  "totalBlockingTime": 508.0000000000009,
  "cumulativeLayoutShift": 0.01975552707248264,
  "timeToInteractive": 8882.547,
  "maxPotentialFirstInputDelay": 827,
  "timeToFirstByte": 72.956,
  "weight": {
    "summary": "41 requests • 1,284 KiB",
    "total": 1314477,
    "image": 491805,
    "imageCount": 20,
    "script": 534523,
    "scriptCount": 9,
    "document": 151409,
    "font": 34152,
    "fontCount": 1,
    "stylesheet": 14780,
    "stylesheetCount": 3,
    "thirdParty": 55074,
    "thirdPartyCount": 9
  },
  "run": {
    "number": 2,
    "total": 3
  },
  "axe": {
    "passes": 1021,
    "violations": 5
  }
}