{
  "url": "https://www.emcasa.com/",
  "requestedUrl": "https://www.emcasa.com/",
  "timestamp": 1652465717770,
  "ranks": {
    "hundos": 1,
    "performance": 1,
    "accessibility": 1,
    "cumulative": 1
  },
  "lighthouse": {
    "version": "9.6.1",
    "performance": 0.31,
    "accessibility": 1,
    "bestPractices": 0.83,
    "seo": 1,
    "total": 314
  },
  "firstContentfulPaint": 5348.5869999999995,
  "firstMeaningfulPaint": 5348.5869999999995,
  "speedIndex": 5776.790152514825,
  "largestContentfulPaint": 5696.308999999999,
  "totalBlockingTime": 1578,
  "cumulativeLayoutShift": 0.002178615993923611,
  "timeToInteractive": 9403.39,
  "maxPotentialFirstInputDelay": 781,
  "timeToFirstByte": 70.22,
  "weight": {
    "summary": "54 requests • 1,027 KiB",
    "total": 1051372,
    "image": 128315,
    "imageCount": 18,
    "script": 636014,
    "scriptCount": 22,
    "document": 151198,
    "font": 34151,
    "fontCount": 1,
    "stylesheet": 14513,
    "stylesheetCount": 3,
    "thirdParty": 157725,
    "thirdPartyCount": 23
  },
  "run": {
    "number": 2,
    "total": 3
  },
  "axe": {
    "passes": 1141,
    "violations": 3
  }
}