{
  "url": "https://www.emcasa.com/",
  "requestedUrl": "https://www.emcasa.com/",
  "timestamp": 1653848000772,
  "ranks": {
    "hundos": 1,
    "performance": 1,
    "accessibility": 1,
    "cumulative": 1
  },
  "lighthouse": {
    "version": "9.6.1",
    "performance": 0.5,
    "accessibility": 1,
    "bestPractices": 0.83,
    "seo": 1,
    "total": 333
  },
  "firstContentfulPaint": 2539.65,
  "firstMeaningfulPaint": 2539.65,
  "speedIndex": 6536.940243242613,
  "largestContentfulPaint": 3028.386000000001,
  "totalBlockingTime": 1946.4999999999982,
  "cumulativeLayoutShift": 0.002178615993923611,
  "timeToInteractive": 9067.409,
  "maxPotentialFirstInputDelay": 1328,
  "timeToFirstByte": 1288.3,
  "weight": {
    "summary": "82 requests • 1,391 KiB",
    "total": 1424207,
    "image": 129708,
    "imageCount": 25,
    "script": 1000888,
    "scriptCount": 34,
    "document": 153407,
    "font": 34152,
    "fontCount": 1,
    "stylesheet": 14652,
    "stylesheetCount": 3,
    "thirdParty": 528053,
    "thirdPartyCount": 52
  },
  "run": {
    "number": 1,
    "total": 3
  },
  "axe": {
    "passes": 1141,
    "violations": 3
  }
}