{
  "url": "https://www.emcasa.com/",
  "requestedUrl": "https://www.emcasa.com/",
  "timestamp": 1651539381395,
  "ranks": {
    "hundos": 1,
    "performance": 1,
    "accessibility": 1,
    "cumulative": 1
  },
  "lighthouse": {
    "version": "9.5.0",
    "performance": 0.29,
    "accessibility": 1,
    "bestPractices": 0.83,
    "seo": 1,
    "total": 312
  },
  "firstContentfulPaint": 4364.929999999999,
  "firstMeaningfulPaint": 4364.929999999999,
  "speedIndex": 6364.804548013812,
  "largestContentfulPaint": 4870.673,
  "totalBlockingTime": 4482.000000000004,
  "cumulativeLayoutShift": 0.002178615993923611,
  "timeToInteractive": 16328.257500000002,
  "maxPotentialFirstInputDelay": 1123,
  "timeToFirstByte": 54.318000000000005,
  "weight": {
    "summary": "153 requests • 1,483 KiB",
    "total": 1518435,
    "image": 138709,
    "imageCount": 45,
    "script": 1067442,
    "scriptCount": 52,
    "document": 159555,
    "font": 34152,
    "fontCount": 1,
    "stylesheet": 14032,
    "stylesheetCount": 3,
    "thirdParty": 632347,
    "thirdPartyCount": 124
  },
  "run": {
    "number": 2,
    "total": 3
  },
  "axe": {
    "passes": 1551,
    "violations": 5
  }
}