{
  "url": "https://www.emcasa.com/",
  "requestedUrl": "https://www.emcasa.com/",
  "timestamp": 1653612864738,
  "ranks": {
    "hundos": 1,
    "performance": 1,
    "accessibility": 1,
    "cumulative": 1
  },
  "lighthouse": {
    "version": "9.6.1",
    "performance": 0.41,
    "accessibility": 1,
    "bestPractices": 0.83,
    "seo": 1,
    "total": 324
  },
  "firstContentfulPaint": 4248.352,
  "firstMeaningfulPaint": 4248.352,
  "speedIndex": 4565.59617128334,
  "largestContentfulPaint": 4811.908,
  "totalBlockingTime": 1389,
  "cumulativeLayoutShift": 0.002178615993923611,
  "timeToInteractive": 7832.659,
  "maxPotentialFirstInputDelay": 636,
  "timeToFirstByte": 72.839,
  "weight": {
    "summary": "39 requests • 928 KiB",
    "total": 950381,
    "image": 128299,
    "imageCount": 18,
    "script": 534820,
    "scriptCount": 10,
    "document": 151210,
    "font": 34152,
    "fontCount": 1,
    "stylesheet": 14662,
    "stylesheetCount": 3,
    "thirdParty": 55063,
    "thirdPartyCount": 9
  },
  "run": {
    "number": 2,
    "total": 3
  },
  "axe": {
    "passes": 1680,
    "violations": 5
  }
}