{
  "url": "https://www.emcasa.com/",
  "requestedUrl": "https://www.emcasa.com/",
  "timestamp": 1650867362010,
  "ranks": {
    "hundos": 1,
    "performance": 1,
    "accessibility": 1,
    "cumulative": 1
  },
  "lighthouse": {
    "version": "9.5.0",
    "performance": 0.37,
    "accessibility": 0.98,
    "bestPractices": 0.83,
    "seo": 1,
    "total": 320
  },
  "firstContentfulPaint": 5406.722999999999,
  "firstMeaningfulPaint": 5406.722999999999,
  "speedIndex": 5406.722999999999,
  "largestContentfulPaint": 5556.887,
  "totalBlockingTime": 1146.9179999999997,
  "cumulativeLayoutShift": 0.002178615993923611,
  "timeToInteractive": 7492.445,
  "maxPotentialFirstInputDelay": 889,
  "timeToFirstByte": 27.387999999999998,
  "weight": {
    "summary": "38 requests • 918 KiB",
    "total": 940482,
    "image": 127289,
    "imageCount": 17,
    "script": 530410,
    "scriptCount": 10,
    "document": 149261,
    "font": 34152,
    "fontCount": 1,
    "stylesheet": 14036,
    "stylesheetCount": 3,
    "thirdParty": 54735,
    "thirdPartyCount": 9
  },
  "run": {
    "number": 3,
    "total": 3
  },
  "axe": {
    "passes": 1066,
    "violations": 3
  }
}