{
  "url": "https://www.emcasa.com/",
  "requestedUrl": "https://www.emcasa.com/",
  "timestamp": 1654366326055,
  "ranks": {
    "hundos": 1,
    "performance": 1,
    "accessibility": 1,
    "cumulative": 1
  },
  "lighthouse": {
    "version": "9.6.1",
    "performance": 0.33,
    "accessibility": 0.98,
    "bestPractices": 0.83,
    "seo": 1,
    "total": 316
  },
  "firstContentfulPaint": 5382.159000000001,
  "firstMeaningfulPaint": 5382.159000000001,
  "speedIndex": 5382.159000000001,
  "largestContentfulPaint": 5382.159000000001,
  "totalBlockingTime": 1898.2360000000008,
  "cumulativeLayoutShift": 0.002178615993923611,
  "timeToInteractive": 7943.291000000001,
  "maxPotentialFirstInputDelay": 1177,
  "timeToFirstByte": 71.71,
  "weight": {
    "summary": "56 requests • 1,152 KiB",
    "total": 1179907,
    "image": 128340,
    "imageCount": 18,
    "script": 763533,
    "scriptCount": 24,
    "document": 151777,
    "font": 34152,
    "fontCount": 1,
    "stylesheet": 14613,
    "stylesheetCount": 3,
    "thirdParty": 283496,
    "thirdPartyCount": 28
  },
  "run": {
    "number": 1,
    "total": 3
  },
  "axe": {
    "passes": 1189,
    "violations": 3
  }
}