{
  "url": "https://www.emcasa.com/",
  "requestedUrl": "https://www.emcasa.com/",
  "timestamp": 1655187298861,
  "ranks": {
    "hundos": 1,
    "performance": 1,
    "accessibility": 1,
    "cumulative": 1
  },
  "lighthouse": {
    "version": "9.6.2",
    "performance": 0.41,
    "accessibility": 0.97,
    "bestPractices": 0.83,
    "seo": 1,
    "total": 324
  },
  "firstContentfulPaint": 5538.8009999999995,
  "firstMeaningfulPaint": 5538.8009999999995,
  "speedIndex": 5538.8009999999995,
  "largestContentfulPaint": 8663.087,
  "totalBlockingTime": 522,
  "cumulativeLayoutShift": 0.01968604532877604,
  "timeToInteractive": 8939.801,
  "maxPotentialFirstInputDelay": 807,
  "timeToFirstByte": 47.56,
  "weight": {
    "summary": "41 requests • 1,283 KiB",
    "total": 1314289,
    "image": 491961,
    "imageCount": 20,
    "script": 534672,
    "scriptCount": 9,
    "document": 150858,
    "font": 34152,
    "fontCount": 1,
    "stylesheet": 14847,
    "stylesheetCount": 3,
    "thirdParty": 55062,
    "thirdPartyCount": 9
  },
  "run": {
    "number": 3,
    "total": 3
  },
  "axe": {
    "passes": 1021,
    "violations": 5
  }
}