{
  "url": "https://www.emcasa.com/",
  "requestedUrl": "https://www.emcasa.com/",
  "timestamp": 1653416128630,
  "ranks": {
    "hundos": 1,
    "performance": 1,
    "accessibility": 1,
    "cumulative": 1
  },
  "lighthouse": {
    "version": "9.6.1",
    "performance": 0.32,
    "accessibility": 0.98,
    "bestPractices": 0.83,
    "seo": 1,
    "total": 315
  },
  "firstContentfulPaint": 5259.064,
  "firstMeaningfulPaint": 5259.064,
  "speedIndex": 5259.064,
  "largestContentfulPaint": 5685.673000000001,
  "totalBlockingTime": 2189.6955000000007,
  "cumulativeLayoutShift": 0.002178615993923611,
  "timeToInteractive": 8186.5865,
  "maxPotentialFirstInputDelay": 854,
  "timeToFirstByte": 43.835,
  "weight": {
    "summary": "39 requests • 928 KiB",
    "total": 950181,
    "image": 128321,
    "imageCount": 18,
    "script": 534376,
    "scriptCount": 10,
    "document": 151753,
    "font": 34152,
    "fontCount": 1,
    "stylesheet": 14659,
    "stylesheetCount": 3,
    "thirdParty": 54737,
    "thirdPartyCount": 9
  },
  "run": {
    "number": 2,
    "total": 3
  },
  "axe": {
    "passes": 1141,
    "violations": 3
  }
}