{
  "url": "https://www.emcasa.com/",
  "requestedUrl": "https://www.emcasa.com/",
  "timestamp": 1656094482762,
  "ranks": {
    "hundos": 1,
    "performance": 1,
    "accessibility": 1,
    "cumulative": 1
  },
  "lighthouse": {
    "version": "9.6.2",
    "performance": 0.51,
    "accessibility": 1,
    "bestPractices": 0.83,
    "seo": 1,
    "total": 334
  },
  "firstContentfulPaint": 2702.8439999999996,
  "firstMeaningfulPaint": 2702.8439999999996,
  "speedIndex": 3745.7600831406407,
  "largestContentfulPaint": 7930.5160000000005,
  "totalBlockingTime": 506.99999999999955,
  "cumulativeLayoutShift": 0.01975552707248264,
  "timeToInteractive": 8148.015999999999,
  "maxPotentialFirstInputDelay": 786.9999999999991,
  "timeToFirstByte": 36.730000000000004,
  "weight": {
    "summary": "40 requests • 1,286 KiB",
    "total": 1316756,
    "image": 491776,
    "imageCount": 20,
    "script": 536459,
    "scriptCount": 9,
    "document": 151668,
    "font": 34152,
    "fontCount": 1,
    "stylesheet": 14835,
    "stylesheetCount": 3,
    "thirdParty": 55066,
    "thirdPartyCount": 9
  },
  "run": {
    "number": 3,
    "total": 3
  },
  "axe": {
    "passes": 664,
    "violations": 3
  }
}