{
  "url": "https://www.emcasa.com/",
  "requestedUrl": "https://www.emcasa.com/",
  "timestamp": 1650802670778,
  "ranks": {
    "hundos": 1,
    "performance": 1,
    "accessibility": 1,
    "cumulative": 1
  },
  "lighthouse": {
    "version": "9.5.0",
    "performance": 0.42,
    "accessibility": 1,
    "bestPractices": 0.83,
    "seo": 1,
    "total": 325
  },
  "firstContentfulPaint": 2877.42,
  "firstMeaningfulPaint": 2877.42,
  "speedIndex": 4151.624799913307,
  "largestContentfulPaint": 6723.9415,
  "totalBlockingTime": 1122.5,
  "cumulativeLayoutShift": 0.002178615993923611,
  "timeToInteractive": 7549.92,
  "maxPotentialFirstInputDelay": 853,
  "timeToFirstByte": 38.922999999999995,
  "weight": {
    "summary": "38 requests • 918 KiB",
    "total": 939807,
    "image": 127259,
    "imageCount": 17,
    "script": 530060,
    "scriptCount": 10,
    "document": 148962,
    "font": 34152,
    "fontCount": 1,
    "stylesheet": 14041,
    "stylesheetCount": 3,
    "thirdParty": 54736,
    "thirdPartyCount": 9
  },
  "run": {
    "number": 3,
    "total": 3
  },
  "axe": {
    "passes": 1018,
    "violations": 3
  }
}