{
  "url": "https://www.emcasa.com/",
  "requestedUrl": "https://www.emcasa.com/",
  "timestamp": 1654995474659,
  "ranks": {
    "hundos": 1,
    "performance": 1,
    "accessibility": 1,
    "cumulative": 1
  },
  "lighthouse": {
    "version": "9.6.2",
    "performance": 0.28,
    "accessibility": 1,
    "bestPractices": 0.83,
    "seo": 1,
    "total": 311
  },
  "firstContentfulPaint": 4286.647,
  "firstMeaningfulPaint": 4286.647,
  "speedIndex": 6910.906293282106,
  "largestContentfulPaint": 6984.611,
  "totalBlockingTime": 1330.999999999999,
  "cumulativeLayoutShift": 0.02958984375,
  "timeToInteractive": 12681.733999999997,
  "maxPotentialFirstInputDelay": 907.0000000000018,
  "timeToFirstByte": 51.48399999999998,
  "weight": {
    "summary": "109 requests • 1,706 KiB",
    "total": 1747204,
    "image": 502935,
    "imageCount": 44,
    "script": 939270,
    "scriptCount": 29,
    "document": 158676,
    "font": 34152,
    "fontCount": 1,
    "stylesheet": 14790,
    "stylesheetCount": 3,
    "thirdParty": 487985,
    "thirdPartyCount": 78
  },
  "run": {
    "number": 1,
    "total": 3
  },
  "axe": {
    "passes": 664,
    "violations": 3
  }
}