{
  "url": "https://www.emcasa.com/",
  "requestedUrl": "https://www.emcasa.com/",
  "timestamp": 1653761589968,
  "ranks": {
    "hundos": 1,
    "performance": 1,
    "accessibility": 1,
    "cumulative": 1
  },
  "lighthouse": {
    "version": "9.6.1",
    "performance": 0.28,
    "accessibility": 0.98,
    "bestPractices": 0.83,
    "seo": 1,
    "total": 311
  },
  "firstContentfulPaint": 4865.975,
  "firstMeaningfulPaint": 4865.975,
  "speedIndex": 9111.395605737378,
  "largestContentfulPaint": 6733.869000000001,
  "totalBlockingTime": 1510,
  "cumulativeLayoutShift": 0.002178615993923611,
  "timeToInteractive": 7688.573,
  "maxPotentialFirstInputDelay": 782,
  "timeToFirstByte": 3483.282,
  "weight": {
    "summary": "57 requests • 1,080 KiB",
    "total": 1106031,
    "image": 128357,
    "imageCount": 19,
    "script": 689597,
    "scriptCount": 24,
    "document": 151994,
    "font": 34152,
    "fontCount": 1,
    "stylesheet": 14659,
    "stylesheetCount": 3,
    "thirdParty": 210254,
    "thirdPartyCount": 28
  },
  "run": {
    "number": 1,
    "total": 3
  },
  "axe": {
    "passes": 1189,
    "violations": 3
  }
}