{
  "url": "https://www.emcasa.com/",
  "requestedUrl": "https://www.emcasa.com/",
  "timestamp": 1651798103313,
  "ranks": {
    "hundos": 1,
    "performance": 1,
    "accessibility": 1,
    "cumulative": 1
  },
  "lighthouse": {
    "version": "9.5.0",
    "performance": 0.39,
    "accessibility": 1,
    "bestPractices": 0.83,
    "seo": 1,
    "total": 322
  },
  "firstContentfulPaint": 5432.525,
  "firstMeaningfulPaint": 5432.525,
  "speedIndex": 5432.525,
  "largestContentfulPaint": 5636.691000000001,
  "totalBlockingTime": 952.0560000000005,
  "cumulativeLayoutShift": 0.002178615993923611,
  "timeToInteractive": 7209.357,
  "maxPotentialFirstInputDelay": 748,
  "timeToFirstByte": 76.60799999999999,
  "weight": {
    "summary": "36 requests • 923 KiB",
    "total": 945089,
    "image": 127276,
    "imageCount": 17,
    "script": 532958,
    "scriptCount": 9,
    "document": 150058,
    "font": 34151,
    "fontCount": 1,
    "stylesheet": 14526,
    "stylesheetCount": 3,
    "thirdParty": 54737,
    "thirdPartyCount": 8
  },
  "run": {
    "number": 3,
    "total": 3
  },
  "axe": {
    "passes": 1667,
    "violations": 5
  }
}