{
  "url": "https://www.emcasa.com/",
  "requestedUrl": "https://www.emcasa.com/",
  "timestamp": 1649551710582,
  "ranks": {
    "hundos": 1,
    "performance": 1,
    "accessibility": 1,
    "cumulative": 1
  },
  "lighthouse": {
    "version": "9.5.0",
    "performance": 0.39,
    "accessibility": 1,
    "bestPractices": 0.92,
    "seo": 1,
    "total": 331
  },
  "firstContentfulPaint": 2424.884,
  "firstMeaningfulPaint": 2424.884,
  "speedIndex": 5121.696770546021,
  "largestContentfulPaint": 7180.853999999999,
  "totalBlockingTime": 1287.5,
  "cumulativeLayoutShift": 0.002178615993923611,
  "timeToInteractive": 8243.384,
  "maxPotentialFirstInputDelay": 961,
  "timeToFirstByte": 69.48300000000002,
  "weight": {
    "summary": "39 requests • 914 KiB",
    "total": 936156,
    "image": 127286,
    "imageCount": 17,
    "script": 530049,
    "scriptCount": 10,
    "document": 146645,
    "font": 34152,
    "fontCount": 1,
    "stylesheet": 14006,
    "stylesheetCount": 3,
    "thirdParty": 54737,
    "thirdPartyCount": 9
  },
  "run": {
    "number": 1,
    "total": 3
  },
  "axe": {
    "passes": 1038,
    "violations": 3
  }
}