{
  "url": "https://www.emcasa.com/",
  "requestedUrl": "https://www.emcasa.com/",
  "timestamp": 1654431463039,
  "ranks": {
    "hundos": 1,
    "performance": 1,
    "accessibility": 1,
    "cumulative": 1
  },
  "lighthouse": {
    "version": "9.6.1",
    "performance": 0.3,
    "accessibility": 1,
    "bestPractices": 0.83,
    "seo": 1,
    "total": 313
  },
  "firstContentfulPaint": 5311.581,
  "firstMeaningfulPaint": 5311.581,
  "speedIndex": 7268.740083234947,
  "largestContentfulPaint": 7600.321500000001,
  "totalBlockingTime": 1105.3060000000014,
  "cumulativeLayoutShift": 0.002178615993923611,
  "timeToInteractive": 8547.286,
  "maxPotentialFirstInputDelay": 590,
  "timeToFirstByte": 50.82600000000002,
  "weight": {
    "summary": "39 requests • 930 KiB",
    "total": 951976,
    "image": 128367,
    "imageCount": 18,
    "script": 535221,
    "scriptCount": 9,
    "document": 151858,
    "font": 34151,
    "fontCount": 1,
    "stylesheet": 14615,
    "stylesheetCount": 3,
    "thirdParty": 55029,
    "thirdPartyCount": 9
  },
  "run": {
    "number": 1,
    "total": 3
  },
  "axe": {
    "passes": 1141,
    "violations": 3
  }
}