{
  "url": "https://www.emcasa.com/",
  "requestedUrl": "https://www.emcasa.com/",
  "timestamp": 1652012313808,
  "ranks": {
    "hundos": 1,
    "performance": 1,
    "accessibility": 1,
    "cumulative": 1
  },
  "lighthouse": {
    "version": "9.5.0",
    "performance": 0.49,
    "accessibility": 1,
    "bestPractices": 0.83,
    "seo": 1,
    "total": 332
  },
  "firstContentfulPaint": 3129.537,
  "firstMeaningfulPaint": 3129.537,
  "speedIndex": 4491.066784355752,
  "largestContentfulPaint": 3431.650999999999,
  "totalBlockingTime": 1746,
  "cumulativeLayoutShift": 0.002178615993923611,
  "timeToInteractive": 9331.189999999999,
  "maxPotentialFirstInputDelay": 1180,
  "timeToFirstByte": 66.162,
  "weight": {
    "summary": "41 requests • 1,026 KiB",
    "total": 1050941,
    "image": 128314,
    "imageCount": 18,
    "script": 635500,
    "scriptCount": 10,
    "document": 151253,
    "font": 34153,
    "fontCount": 1,
    "stylesheet": 14515,
    "stylesheetCount": 3,
    "thirdParty": 157309,
    "thirdPartyCount": 10
  },
  "run": {
    "number": 2,
    "total": 3
  },
  "axe": {
    "passes": 1141,
    "violations": 3
  }
}