{
  "url": "https://www.emcasa.com/",
  "requestedUrl": "https://www.emcasa.com/",
  "timestamp": 1649420274841,
  "ranks": {
    "hundos": 1,
    "performance": 1,
    "accessibility": 1,
    "cumulative": 1
  },
  "lighthouse": {
    "version": "9.5.0",
    "performance": 0.34,
    "accessibility": 1,
    "bestPractices": 0.92,
    "seo": 1,
    "total": 326
  },
  "firstContentfulPaint": 5575.402,
  "firstMeaningfulPaint": 5575.402,
  "speedIndex": 5609.7666760269485,
  "largestContentfulPaint": 6147.142,
  "totalBlockingTime": 1239.2200000000003,
  "cumulativeLayoutShift": 0.002178615993923611,
  "timeToInteractive": 8217.022,
  "maxPotentialFirstInputDelay": 945,
  "timeToFirstByte": 64.56099999999999,
  "weight": {
    "summary": "39 requests • 914 KiB",
    "total": 935659,
    "image": 127264,
    "imageCount": 17,
    "script": 530003,
    "scriptCount": 10,
    "document": 146215,
    "font": 34152,
    "fontCount": 1,
    "stylesheet": 14006,
    "stylesheetCount": 3,
    "thirdParty": 54738,
    "thirdPartyCount": 9
  },
  "run": {
    "number": 1,
    "total": 3
  },
  "axe": {
    "passes": 1516,
    "violations": 5
  }
}