{
  "url": "https://www.emcasa.com/",
  "requestedUrl": "https://www.emcasa.com/",
  "timestamp": 1653699236304,
  "ranks": {
    "hundos": 1,
    "performance": 1,
    "accessibility": 1,
    "cumulative": 1
  },
  "lighthouse": {
    "version": "9.6.1",
    "performance": 0.31,
    "accessibility": 0.98,
    "bestPractices": 0.83,
    "seo": 1,
    "total": 314
  },
  "firstContentfulPaint": 5358.741,
  "firstMeaningfulPaint": 5623.407999999999,
  "speedIndex": 5358.741,
  "largestContentfulPaint": 5888.074999999999,
  "totalBlockingTime": 1778.500000000001,
  "cumulativeLayoutShift": 0.002178615993923611,
  "timeToInteractive": 8856.067,
  "maxPotentialFirstInputDelay": 999.0000000000009,
  "timeToFirstByte": 52.007,
  "weight": {
    "summary": "72 requests • 1,375 KiB",
    "total": 1408404,
    "image": 128322,
    "imageCount": 22,
    "script": 991720,
    "scriptCount": 33,
    "document": 152297,
    "font": 34151,
    "fontCount": 1,
    "stylesheet": 14651,
    "stylesheetCount": 3,
    "thirdParty": 512843,
    "thirdPartyCount": 43
  },
  "run": {
    "number": 2,
    "total": 3
  },
  "axe": {
    "passes": 1141,
    "violations": 3
  }
}